Workbook

Sheet Dropdowns
A1: Phase | B1: Program | C1: Lab | D1: TAP | E1: Status | F1: DEP Region | G1: Completion level | H1: Completion Notes
A2: 1 | B2: EAP | C2: MRWA | D2: Gene | E2: 1-Not Contacted Yet | F2: NERO | G2: No Detect, Done | H2: Plan to resample
A3: 2 | B3: SWIG | C3: Alpha | D3: Katie | E3: 2-Contacted | F3: CERO | G3: Follow-up | H3: Follow-up testing
A4: 3 | C4: Barnstable | D4: Rick | E4: 3-Has Responded | F4: SERO | G4: Remediation | H4: Communicate w/ parents
C5: Con-Test | D5: ? | E5: 3.5-On Hold | F5: WERO | G5: Replacement | H5: Issue do not drink order
C6: Granite | D6: ? | E6: 4-Sample Plan Done | G6: No response | H6: Provide water bottles
C7: RI Analytical | E7: 5-Sampling Scheduled | H7: Provide bottled water
E8: 6-Sampling Done | H8: Put fountains out of commission
E9: 7-Results Received | H9: Routine maintenance
E10: 8-Results Sent | H10: Routine flushing
E11: 9-Completed | H11: Turn off contaminated outlets
E12: 0-Out of Program | H12: Replace fixtures
H13: Replace internal piping
H14: Other

Sheet Out of Program
A1: Date Record Updated | B1: UMass Status | C1: Date of DEP Decision | D1: DEP Decision | E1: Application Date & Time | F1: Code from Application Form | G1: Facility Name | H1: Facility Type | I1: Facility Street 1 | J1: Facility Street 2 | K1: Facility Town | L1: Facility Zip | M1: PPC First Name | N1: PPC Last Name | O1: PPC Job Title | P1: PPC Phone | Q1: PPC Email | R1: PPC Street 1 | S1: PPC Street 2 | T1: PPC Town | U1: PPC Zip | V1: Construction year | W1: Future Operations | X1: Registered Name (EEC) if different than Col G | Y1: Report Tool Pin | Z1: Org Code | AA1: TAP Name | AB1: Sampler Name | AC1: Sampling Date | AD1: # First Draw Samples (Locations) | AE1: # Flush Samples | AF1: # Total Samples | AG1: Laboratory | AH1: Results Received? | AI1: # FD Samples ≤1.4 µg/L Pb | AJ1: # Flush Samples ≤1.4 µg/L Pb | AK1: # FD Samples 1.5 - 15.4 µg/L | AL1: # Flush Samples 1.5 - 15.4 µg/L | AM1: # FD Samples ≥ 15.5 µg/L | AN1: # Flush Samples ≥ 15.5 µg/L | AO1: Total # samples analyzed | AP1: Results Sent Date | AQ1: Notes | AR1: MWRA? | AS1: DEP Region | AT1: PWS? | AU1: PWSID | AV1: PWS email | AW1: BOH email | AX1: School / EECF email | BC1: +AV:AV | BD1: EEC Provider Number
A2: 43979 | B2: 0-Out of Program | C2: 43896 | D2: W | E2: 2020-01-14T07:23:11-05:00 | F2: sch - 1579004422780 | G2: Cape Cod Lighthouse Charter School | H2: sch | I2: 195 Route 137 | K2: Harwich | L2: 02645 | M2: Paul | N2: Niles | O2: Executive Director | P2: 774-408-7994 | Q2: pniles@cclcs.info | R2: 195 Route 137 | T2: Harwich | U2: 02645 | V2: < 1988 | W2: 20+ | Z2: 4320530 | AR2: N | AS2: SERO | AT2: N | AU2: 4126000 | AW2: health@town.harwich.ma.us | BC2: =IF(ISBLANK(AC2),"",IF(AC2<TODAY(),K2,"")) | BD2: P-170209
A3: 43896 | B3: 0-Out of Program | C3: 43896 | D3: R | E3: 2020-01-17T17:03:06-05:00 | F3: ccf - 1579298404811 | G3: Paula's Family ChildCare | H3: FCC | I3: 23 Meadowcroft Street | K3: Lowell | L3: 01852 | M3: Paula | N3: Teixeira | O3: Educator | P3: 9789952068 | Q3: xrosa76@comcast.net | R3: 23 Meadowcroft St | T3: Lowell | U3: 01852 | V3: < 1988 | W3: 0-10 | X3: Teixeira, Paula Alexandra | Z3: 1579298404811 | AR3: N | AS3: NERO | AT3: N | AU3: 3160000 | AW3: jbelanger@lowellma.gov | BC3: =IF(ISBLANK(AC3),"",IF(AC3<TODAY(),K3,"")) | BD3: P-171241
A4: 44272 | B4: 0-Out of Program | C4: 43896 | D4: A | E4: 2020-02-05T07:07:10-05:00 | F4: ccf - 1580904391858 | G4: Children Of America | H4: LG | I4: 76 Vanderbilt Avenue | K4: Norwood | L4: 02062 | M4: Kerri | N4: Emidy | O4: Center Director | P4: 781-255-5778 | Q4: coanorwoodma@childrenofamerica.com | R4: 76 Vanderbilt Ave | T4: Norwood | U4: 02062 | V4: > 1988 | W4: 20+ | Y4: fea8-6cc9-a30d | Z4: 2912264 | AA4: Rick | AF4: =AD4+AE4 -> 0 | AO4: =AI4+AJ4+AK4+AL4+AM4+AN4 -> 0 | AQ4: Collected samples on their own. Out of program | AR4: N | AS4: SERO | AT4: N | AU4: 4220000 | AV4: mryan@norwoodma.gov | AX4: erin.craft@mass.gov | BC4: =IF(ISBLANK(AC4),"",IF(AC4<TODAY(),K4,""))
A5: 43979 | B5: 0-Out of Program | C5: 43896 | D5: R | E5: 2020-02-24T09:42:06-05:00 | F5: sch - 1582555056759 | G5: St. Mary's Parish School | H5: sch | I5: 35 Bartlett Street | K5: Westfield | L5: 01085 | M5: Patricia | N5: Howes | O5: School Nurse | P5: 413-568-2388x302 | Q5: phowes@stmsaints.org | R5: 35 Bartlett St. | T5: Westfield | U5: 01085 | V5: < 1988 | W5: 20+ | Z5: 3250810 | AR5: N | AS5: WERO | AW5: j.rouse@cityofwestfield.org | BC5: =IF(ISBLANK(AC5),"",IF(AC5<TODAY(),K5,"")) | BD5: P-171241
A6: 44083 | B6: 0-Out of Program | C6: 44046 | D6: A | E6: 2020-07-23T08:48:59-05:00 | F6: ccf - 1595512008876 | G6: Jane's Family ChildCare | H6: FCC | I6: 16 Noble Street | K6: Newton - West | L6: 02465 | M6: Jane | N6: Malieswski | O6: Owner/ Family Childcare | P6: 617-818-1331 | Q6: fourmals@comcast.net | R6: 16 Noble St. | T6: West Newton | U6: 02465 | V6: < 1988 | W6: 20+ | X6: Malieswski, Jane | Y6: 0f45-a307-2024 | Z6: 692835 | AA6: Gene | AQ6: Opted out, said tested water when bought house | AR6: N | AS6: NERO | AT6: Y | AU6: 3207000 | AW6: dyoungblood@newtonma.gov | BC6: =IF(ISBLANK(AC6),"",IF(AC6<TODAY(),K6,""))
A7: 44315 | B7: 0-Out of Program | C7: 44291 | D7: A | E7: 2021-03-30T20:44:57-05:00 | F7: sch - 1617154968564 | G7: Debbie's Daycare | H7: FCC | I7: 195 East Union Stret | K7: Ashland | L7: 01721 | M7: Debra | N7: Butler | O7: owner/Director | P7: 508-881-4283 | Q7: whtagal@aol.com | R7: 195 East Union St. | T7: Ashland | U7: 1721 | V7: < 1988 | W7: 0-10 | Z7: 702239 | AA7: Kate | AQ7: Closing facility.Not going to participate. | AR7: N/Y | AS7: NERO | AT7: N | AU7: 3014000 | AV7: dpw@ashlandmass.com | AW7: moram@ashlandmass.com | AX7: erin.craft@mass.gov | BC7: =IF(ISBLANK(AC7),"",IF(AC7<TODAY(),K7,"")) | BD7: P-169602
A8: 44349 | B8: 0-Out of Program | C8: 44308 | D8: A | E8: 2021-04-05 T12:25 PM | G8: Brackett, Renee | H8: FCC | I8: 512 Pleasant Street null | K8: Southbridge | L8: 01550 | M8: Renee | N8: Brackett | O8: Family child care provider | P8: 774-230-3771 | Q8: rbrackett50@msn.com | R8: 512 Pleasant Street null | T8: Southbridge | U8: 01550 | Y8: 946e-522c-49ea | Z8: T0000066 | AA8: Kate | AB8: J. Brecket | AC8: 44345 | AD8: 3 | AE8: 3 | AF8: 6 | AG8: Con-Test | AO8: =AI8+AJ8+AK8+AL8+AM8+AN8 -> 0 | AR8: N | AS8: CERO | AT8: N | AU8: 2278000 | AV8: sgregoire@southbridgemass.org | AW8: apelletier@town.auburn.ma.us | AX8: erin.craft@mass.gov
A9: 44299 | B9: 0-Out of Program | C9: 44298 | D9: A | E9: 2021-04-05T13:09:22-05:00 | F9: ccf - 8029157_P-183302 | G9: Wayland Montessori Preschool | H9: LG | I9: 5 Damon Street | K9: Wayland | L9: 01778 | M9: Tyla | N9: Corfield | O9: Assistant Director | P9: 508-655-5742 | Q9: tyla.waylandmontessori@gmail.com | R9: 5 Damon Street | T9: Wayland | U9: 1778 | V9: < 1988 | W9: 11-20 | Z9: 8029157 | AA9: Kate | AF9: =AD9+AE9 -> 0 | AO9: =AI9+#REF!+AK9+AL9+AM9+AN9 -> #REF! | AR9: N | AS9: NERO | AT9: ? | AU9: 3315000 | AV9: dmillette@wayland.ma.us | AW9: jjunghanns@wayland.ma.us | AX9: erin.craft@mass.gov
A10: 44299 | B10: 0-Out of Program | C10: 44298 | D10: A | E10: 2021-04-05T13:12:35-05:00 | F10: ccf - 200566_P-169520 | G10: Community Nursery School of Wayland | H10: LG | I10: 5 Damon Street | K10: Wayland | L10: 01778 | M10: Beth | N10: Fuce | O10: Director | P10: 508-651-2555 | Q10: elizabethfuce@gmail.com | R10: 5 Damon Street | T10: Wayland | U10: 1778 | V10: < 1988 | W10: 11-20 | Z10: 200566 | AA10: Kate | AF10: =AD10+AE10 -> 0 | AO10: =AI10+#REF!+AK10+AL10+AM10+AN10 -> #REF! | AR10: N | AS10: NERO | AT10: ? | AU10: 3315000 | AV10: dmillette@wayland.ma.us | AW10: jjunghanns@wayland.ma.us | AX10: erin.craft@mass.gov
A11: 44386 | B11: 0-Out of Program | C11: 43895 | E11: 2020-01-14T09:12:16-05:00 | F11: ccf - 2911795_P-177108 | G11: Crayon College, Inc. | H11: LG | I11: 24 Main Street | K11: Kingston | L11: 02364 | M11: Paula | N11: Ryan | O11: Director | P11: 781-585-5437 | Q11: directorkingston@crayoncollege.us | R11: 24 Main St | T11: Kingston | U11: 02364 | V11: < 1988 | W11: 20+ | Z11: 2911795 | AA11: Gene | AF11: =AD11+AE11 -> 0 | AO11: =AI11+AJ11+AK11+AL11+AM11+AN11 -> 0 | AQ11: e-mail requesting site plan, program attachments, follow up by phone wk 7/9/21 Not interested in the program already tested | AR11: N | AS11: SERO | AT11: N | AU11: 4145000 | AV11: mjdarsch@kingstonmass.org | AW11: mherzberg@kingstonmass.org | AX11: erin.craft@mass.gov
A12: 44410 | B12: 0-Out of Program | C12: 44298 | E12: 2021-04-08T06:48:56-05:00 | F12: ccf - 1617882459921 | G12: Nurtury | H12: LG | I12: 436 Tremont Street | K12: Boston | L12: 02116 | M12: George | N12: Pereira | O12: Director of Properties | P12: 617-828-9987 | Q12: gpereira@nurturyboston.org | R12: 436 Tremont Street | T12: Boston | U12: 2119 | V12: < 1988 | W12: 20+ | Y12: 62c9-56fd-6f45 | Z12: 200912 | AA12: Gene | AF12: =AD12+AE12 -> 0 | AO12: =AI12+AJ12+AK12+AL12+AM12+AN12 -> 0 | AQ12: Nurtury is leaving this location in August 2021 | AR12: Y | AS12: NERO | AT12: N | AU12: 3035000 | AV12: sullivanjp@bwsc.org | AW12: rnieves@bphc.org | AX12: erin.craft@mass.gov | BC12: =IF(ISBLANK(AC12),"",IF(AC12<TODAY(),K12,""))
A13: 44467 | B13: 0-Out of Program | E13: 44008 | F13: 2020-06-08T20:27:28-05:00 | G13: ccf - 1591665777391 | H13: Diane Gorman Daycare | I13: FCC | J13: 19 Fairview Avenue | L13: Lynn | M13: 01904 | N13: Diane | O13: Gorman | P13: Daycare provider | Q13: 617-285-7731 | R13: dgorman1262@gmail.com | S13: 19 Fairview Ave. | U13: Lynn | V13: 01904 | W13: < 1988 | X13: 0-10 | Z13: 39ea-a1a7-5c9c | AA13: 623848 | AB13: Gene | AE13: 2 | AF13: 2 | AG13: =AE13+AF13 -> 4 | AP13: =AJ13+AK13+AL13+AM13+AN13+AO13 -> 0 | AR13: Spoke 9/29 Opting Out | AS13: N | AT13: NERO | AU13: N | AV13: 3163000 | AW13: hsamuelson@lynnwatersewer.org | AX13: mdesmarais@lynnma.gov | AY13: erin.craft@mass.gov | BD13: =IF(ISBLANK(AD13),"",IF(AD13<TODAY(),L13,"")) | BE13: P-187858

Sheet Facilities
A1: Date Record Updated | B1: UMass Status | C1: Completion Level | D1: Completion Notes | E1: Date of DEP Decision | F1: Application Date & Time | G1: Code from Application Form | H1: Facility Name | I1: Facility Type | J1: Facility Street 1 | K1: Facility Street 2 | L1: ighton | M1: Facility Zip | N1: PPC First Name | O1: PPC Last Name | P1: PPC Job Title | Q1: PPC Phone | R1: PPC Email | S1: PPC Street 1 | T1: PPC Street 2 | U1: PPC Town | V1: PPC Zip | W1: Construction year | X1: Future Operations | Y1: Registered Name (EEC) if different than Col G | Z1: Report Tool Pin | AA1: Org Code | AB1: TAP Name | AC1: Sampler Name | AD1: Sampling Date | AE1: # First Draw Samples (Locations) | AF1: # Flush Samples | AG1: # Total Samples | AH1: Laboratory | AI1: Results Received? | AJ1: # FD Samples ≤1.4 µg/L Pb | AK1: # Flush Samples ≤1.4 µg/L Pb | AL1: # FD Samples 1.5 - 15.4 µg/L | AM1: # Flush Samples 1.5 - 15.4 µg/L | AN1: # FD Samples ≥ 15.5 µg/L | AO1: # Flush Samples ≥ 15.5 µg/L | AP1: Total # samples analyzed | AQ1: Results Sent Date | AR1: Notes | AS1: MWRA? | AT1: DEP Region | AU1: PWS? | AV1: PWSID | AW1: PWS email | AX1: BOH email | AY1: School / EECF email | BD1: +AV:AV | BE1: EEC Provider Number
A2: 44376 | B2: 9-Completed | C2: Remediation | D2: Routine flushing | E2: 44238 | F2: 2021-02-05T16:39:43-05:00 | G2: ccf - 1612561048565 | H2: The Cottage Garden EEC licensed Family Child Care | I2: FCC | J2: 135 Cottage Street | L2: Amherst | M2: 01002 | N2: Celia | O2: Riahi | P2: owner/teacher | Q2: 413-348-6035 | R2: celiariahi@gmail.com | S2: 135 Cottage St. | U2: Amherst | V2: 01002 | W2: < 1988 | X2: 0-10 | Z2: 533a 2250-cff7 | AA2: 7027845 | AB2: Kate | AC2: Celia Riahi | AD2: 44252 | AE2: =AJ2+AL2+AN2 -> 4 | AF2: =AK2+AM2+AO2 -> 4 | AG2: =AE2+AF2 -> 8 | AH2: Con-Test | AI2: 44264 | AJ2: 3 | AK2: 4 | AL2: 1 | AM2: 0 | AN2: 0 | AO2: 0 | AP2: =AJ2+AK2+AL2+AM2+AN2+AO2 -> 8 | AQ2: 44273 | AR2: SC- 2/25/21 @10:00AM | AS2: N | AT2: WERO | AU2: N | AV2: 1008000 | AW2: mooringg@amherstma.gov | AX2: dragone@amherstma.gov | AY2: erin.craft@mass.gov | BD2: =IF(ISBLANK(AD2),"",IF(AD2<TODAY(),L2,"")) -> Amherst | BE2: P-169908
A3: 44376 | B3: 9-Completed | C3: No Detect, Done | E3: 43895 | F3: 2020-02-05T12:06:07-05:00 | G3: ccf - 201243_P-169788 | H3: Cushman Scott Children's Center | I3: LG | J3: 71 Henry Street | L3: Amherst | M3: 01002 | N3: Mary Ann | O3: Ziomek | P3: Director | Q3: 413-549-1167 | R3: director@cushmanscott.org | S3: PO Box 9656 | T3: 71 Henry Street | U3: North Amherst | V3: 01059 | W3: < 1988 | X3: 20+ | Z3: d505-8872-779d | AA3: 201243 | AB3: Rick | AD3: 44082 | AE3: =AJ3+AL3+AN3 -> 1 | AF3: =AK3+AM3+AO3 -> 1 | AG3: =AE3+AF3 -> 2 | AH3: Con-Test | AI3: 44091 | AJ3: 1 | AK3: 1 | AL3: 0 | AM3: 0 | AN3: 0 | AO3: 0 | AP3: =AJ3+AK3+AL3+AM3+AN3+AO3 -> 2 | AQ3: 44137 | AR3: Notified by phone of ND; waiting on Boston letter for forwarding | AS3: N | AT3: WERO | AU3: N | AV3: 1008000 | AW3: mooringg@amherstma.gov | AX3: dragone@amherstma.gov | AY3: erin.craft@mass.gov | BD3: =IF(ISBLANK(AD3),"",IF(AD3<TODAY(),L3,"")) -> Amherst | BE3: P-169784
A4: 44377 | B4: 9-Completed | C4: No Detect, Done | E4: 43895 | F4: 2020-01-21T15:01:37-05:00 | G4: ccf - 1579636659305 | H4: Pre-K-Kidz Childcare and Preschool | I4: LG | J4: 464 Main Street | L4: Athol | M4: 01331 | N4: Rebecca | O4: Lanoue | P4: Owner | Q4: 978-830-4636 | R4: prekkidz01331@gmail.com | S4: 464 Main St. | U4: Athol | V4: 01331 | W4: undefined | X4: undefined | Y4: Lanoue, Rebecca | Z4: baee-7adf-559b | AA4: T0000040 | AB4: Rick | AD4: 44026 | AE4: =AJ4+AL4+AN4 -> 2 | AF4: =AK4+AM4+AO4 -> 2 | AG4: =AE4+AF4 -> 4 | AH4: Con-Test | AI4: 44042 | AJ4: 2 | AK4: 2 | AL4: 0 | AM4: 0 | AN4: 0 | AO4: 0 | AP4: =AJ4+AK4+AL4+AM4+AN4+AO4 -> 4 | AQ4: 11/11/2020 | AR4: Notified by phone of ND; waiting on Boston letter for forwarding | AS4: N | AT4: WERO | AU4: N | AV4: 1015000 | AW4: None | AX4: boh@townofathol.org | AY4: erin.craft@mass.gov | BD4: =IF(ISBLANK(AD4),"",IF(AD4<TODAY(),L4,"")) -> Athol
A5: 44377 | B5: 9-Completed | C5: Remediation | D5: Routine flushing | E5: 44298 | F5: 2021-04-10T06:37:17-05:00 | G5: ccf - 1618054528625 | H5: Robyn Roberts Family Day Care | I5: FCC | J5: 15 Oakwood Drive | L5: Belchertown | M5: 01007 | N5: Robyn | O5: Roberts | P5: Daycare Owner | Q5: 413-544-4057 | R5: belchertown4@yahoo.com | S5: 15 Oakwood Drive | U5: Belchertown | V5: 1007 | W5: > 1988 | X5: 20+ | Z5: 3c09-e910-9a96 | AA5: 606795 | AB5: Kate | AD5: 44348 | AE5: 2 | AF5: 2 | AG5: =AE5+AF5 -> 4 | AH5: Con-Test | AI5: 44358 | AJ5: 0 | AK5: 2 | AL5: 2 | AM5: 0 | AN5: 0 | AO5: 0 | AP5: =AJ5+AK5+AL5+AM5+AN5+AO5 -> 4 | AQ5: 44363 | AS5: N | AT5: WERO | AU5: ? | AV5: 1024000 | AW5: None | AX5: jmetcalf@townofware.com | AY5: erin.craft@mass.gov | BD5: =IF(ISBLANK(AD5),"",IF(AD5<TODAY(),L5,"")) -> Belchertown
A6: 44383 | B6: 9-Completed | C6: No Detect, Done | E6: 44295 | F6: 2021-04-02T11:34:48-05:00 | G6: ccf - 1617380723390 | H6: Acorn Patch Family Childcare | I6: FCC | J6: 6 Acorn Street | L6: Bellingham | M6: 02019 | N6: Kari | O6: Meszaros-Phaneuf | P6: Family Childcare Owner | Q6: 774-277-0591 | R6: kari.ann.meszaros@gmail.com | S6: 6 Acorn Street | U6: Bellingham | V6: 2019 | W6: > 1988 | X6: 0-10 | Z6: 0e20-9e79-f77f | AA6: T0000058 | AB6: Kate | AD6: 44326 | AE6: 3 | AF6: 3 | AG6: =AE6+AF6 -> 6 | AH6: RI Analytical | AI6: 44371 | AJ6: 3 | AK6: 3 | AL6: 0 | AM6: 0 | AN6: 0 | AO6: 0 | AP6: =AJ6+AK6+AL6+AM6+AN6+AO6 -> 6 | AQ6: 44372 | AR6: Lab Pick up scheduled 5/12/21. | AS6: N | AT6: CERO | AU6: N | AV6: 2025000 | AW6: None | AX6: bwilson@bellinghamma.org | AY6: erin.craft@mass.gov | BD6: =IF(ISBLANK(AD6),"",IF(AD6<TODAY(),L6,"")) -> Bellingham | BE6: P-177112
A7: 44377 | B7: 9-Completed | C7: No Detect, Done | E7: 43896 | F7: 2020-01-27T14:10:55-05:00 | G7: sch - 00350811 | H7: Shaloh House Day | I7: LG | J7: 29 Chestnut Hill Avenue | L7: Brighton | M7: 02135 | N7: Ilan | O7: Meyers | P7: Consultant | Q7: 617-787-2200 | R7: school@shaloh.org | S7: 29 Chestnut Hill Ave. | U7: Brighton | V7: 02135 | W7: < 1988 | X7: 20+ | Z7: b6eb-1eca-ea9c | AA7: 00350811 | AB7: Gene | AC7: Gene Brunelle | AD7: 44155 | AE7: =AJ7+AL7+AN7 -> 17 | AF7: =AK7+AM7+AO7 -> 17 | AG7: =AE7+AF7 -> 34 | AH7: RI Analytical | AI7: 44155 | AJ7: 17 | AK7: 17 | AL7: 0 | AM7: 0 | AN7: 0 | AO7: 0 | AP7: =AJ7+AK7+AL7+AM7+AN7+AO7 -> 34 | AQ7: 1/4/2021 | AR7: Samples collected 11/20, Delivered to RI Analytical 11/23 | AS7: Y | AT7: NERO | AU7: N | AV7: 3035000 | AW7: sullivanjp@bwsc.org | AX7: rnieves@bphc.org | AY7: erin.craft@mass.gov | BD7: =IF(ISBLANK(AD7),"",IF(AD7<TODAY(),L7,"")) -> Brighton | BE7: P-169530
A8: 44284 | B8: 9-Completed | C8: Follow-up | D8: Other | E8: 44225 | F8: 2021-01-22T14:57:21-05:00 | G8: ccf - 200321_P-169407 | H8: Canton Community Kindergarten | I8: LG | J8: 1541 Washington Street | L8: Canton | M8: 02021 | N8: Joe | O8: Kendall | P8: Resource Team Director | Q8: 312-206-2277 | R8: jpkendall13@aol.com | S8: 1541 Washington St. | U8: Canton | V8: 02021 | W8: < 1988 | X8: 20+ | Z8: a480-7d22-e39e | AA8: 200321 | AB8: Rick | AD8: 44251 | AE8: 2 | AF8: 2 | AG8: =AE8+AF8 -> 4 | AH8: Alpha Analytical | AI8: 44263 | AJ8: 1 | AK8: 2 | AL8: 1 | AM8: 0 | AN8: 0 | AO8: 0 | AP8: =AJ8+AK8+AL8+AM8+AN8+AO8 -> 4 | AQ8: 44284 | AR8: Flush the kitchen sink | AS8: Y | AT8: SERO | AU8: N | AV8: 4050000 | AW8: csykes@town.canton.ma.us | AX8: breardon@town.canton.ma.us | AY8: erin.craft@mass.gov | BD8: =IF(ISBLANK(AD8),"",IF(AD8<TODAY(),L8,"")) -> Canton | BE8: P-170547
A9: 44377 | B9: 9-Completed | C9: Follow-up | D9: Provide water bottles | E9: 43986 | F9: 2020-05-14T10:08:45-05:00 | G9: ccf - 8031747_P-185815 | H9: Youth Center, Inc. | I9: LG | J9: 191 Church Street | L9: Cheshire | M9: 01225 | N9: Sonia | O9: DiSanti | P9: Director | Q9: 413-652-5976 | R9: sonia@youthcenterinc.org | S9: 284 Franklin St. | U9: North Adams | V9: 01247 | W9: < 1988 | X9: 0-10 | Z9: 246d-95b5-6b90 | AA9: 8031747 | AB9: Kate | AD9: 44044 | AE9: =AJ9+AL9+AN9 -> 9 | AF9: =AK9+AM9+AO9 -> 9 | AG9: =AE9+AF9 -> 18 | AH9: Con-Test | AI9: 44063 | AJ9: 0 | AK9: 1 | AL9: 6 | AM9: 6 | AN9: 3 | AO9: 2 | AP9: =AJ9+AK9+AL9+AM9+AN9+AO9 -> 18 | AQ9: 44146 | AR9: Sampling complete; waiting on Boston letter for forwarding | AS9: N | AT9: WERO | AU9: N | AV9: 1058000 | AW9: Water2cheshire@gmail.com | AX9: mmoore@northadams-ma.gov | AY9: erin.craft@mass.gov | BD9: =IF(ISBLANK(AD9),"",IF(AD9<TODAY(),L9,"")) -> Cheshire | BE9: P-170913
A10: 44397 | B10: 9-Completed | C10: No Detect, Done | E10: 44358 | F10: 2021-05-26T12:02:23-05:00 | G10: ccf - 1622048480928 | H10: SolBe Learning | I10: LG | J10: 631 VFW Parkway | L10: Chestnut Hill | M10: 02467 | N10: Patricia | O10: Pirone | P10: Director | Q10: 617-784-9921 | R10: patty@solbelearning.com | S10: 643 VFW Parkway, Suite A | T10: Suite A | U10: Chestnut Hill | V10: 02467 | W10: > 1988 | X10: 0-10 | Z10: 1751-d745-e38e | AA10: T0000070 | AB10: Bob | AC10: Bob Hoyt | AD10: 44373 | AE10: 17 | AF10: 17 | AG10: =AE10+AF10 -> 34 | AH10: RI Analytical | AI10: 44386 | AJ10: 17 | AK10: 17 | AL10: 0 | AM10: 0 | AN10: 0 | AO10: 0 | AP10: =AJ10+AK10+AL10+AM10+AN10+AO10 -> 34 | AQ10: 44397 | AS10: N | AT10: NERO | AU10: N | AV10: 3035000 | AW10: sullivanjp@bwsc.org | AX10: rnieves@bphc.org | AY10: erin.craft@mass.gov | BD10: =IF(ISBLANK(AD10),"",IF(AD10<TODAY(),L10,"")) -> Chestnut Hill | BE10: P-169921
A11: 44383 | B11: 9-Completed | C11: No Detect, Done | E11: 43894 | F11: 2020-01-30T11:33:40-05:00 | G11: ccf - 201563_P-169959 | H11: Chicopee Child Development Center, Inc. | I11: LG | J11: 989 James Street | L11: Chicopee | M11: 01022 | N11: Joan | O11: Beaudry | P11: Business Administration | Q11: 413-593-3942 | R11: ccdckids69@gmail.com | S11: 989 James St. | U11: Chicopee | V11: 01022 | W11: < 1988 | X11: 20+ | Z11: ebcc-548d-4ead | AA11: 201563 | AB11: Kate | AC11: Joan Beaudry | AD11: 44166 | AE11: =AJ11+AL11+AN11 -> 1 | AF11: =AK11+AM11+AO11 -> 1 | AG11: =AE11+AF11 -> 2 | AH11: Con-Test | AI11: 44180 | AJ11: 1 | AK11: 1 | AL11: 0 | AM11: 0 | AN11: 0 | AO11: 0 | AP11: =AJ11+AK11+AL11+AM11+AN11+AO11 -> 2 | AQ11: 12/21/2020 | AS11: Y | AT11: WERO | AU11: N | AV11: 1061000 | AW11: None | AX11: lsanders@chicopeema.gov | AY11: erin.craft@mass.gov | BD11: =IF(ISBLANK(AD11),"",IF(AD11<TODAY(),L11,"")) -> Chicopee
A12: 44377 | B12: 9-Completed | C12: Follow-up | D12: Issue do not drink order | E12: 43895 | F12: 2020-01-30T07:53:47-05:00 | G12: ccf - 290324_P-170630 | H12: V. O. C. Child Care on Montgomery Street | I12: LG | J12: 374 Montgomery Street | L12: Chicopee | M12: 01020 | N12: Melinda | O12: Gnoza | P12: Center Director | Q12: 413-331-1331 | R12: Mgnoza@valleyopp.com | S12: 374 Montgomery St. | U12: Chicopee | V12: 01020 | W12: > 1988 | X12: 0-10 | Z12: 01ae-1b63-1c9a | AA12: 290324 | AB12: Kate | AD12: 44043 | AE12: =AJ12+AL12+AN12 -> 13 | AF12: =AK12+AM12+AO12 -> 13 | AG12: =AE12+AF12 -> 26 | AH12: Con-Test | AI12: 44054 | AJ12: 13 | AK12: 13 | AL12: 0 | AM12: 0 | AN12: 0 | AO12: 0 | AP12: =AJ12+AK12+AL12+AM12+AN12+AO12 -> 26 | AQ12: 11/3/2020 | AR12: Results back today 13 samples all ND. Lab has problem w/EEC #. | AS12: Y | AT12: WERO | AU12: N | AV12: 1061000 | AW12: None | AX12: lsanders@chicopeema.gov | AY12: erin.craft@mass.gov | BD12: =IF(ISBLANK(AD12),"",IF(AD12<TODAY(),L12,"")) -> Chicopee | BE12: P-170248
A13: 44383 | B13: 9-Completed | C13: No Detect, Done | E13: 43894 | F13: 2020-02-04T14:43:52-05:00 | G13: ccf - 300304_P-171076 | H13: Casper | I13: LG | J13: 580 Meadow Street | L13: Chicopee | M13: 01013 | N13: Jason | O13: Reed | P13: Executive Director | Q13: 413-206-4109 | R13: jasonr@bgcchicopee.org | S13: 580 Meadow St. | U13: Chicopee | V13: 01013 | W13: < 1988 | X13: 20+ | Z13: 6b8c-9a3f-9d61 | AA13: 300304 | AB13: Kate | AD13: 44082 | AE13: =AJ13+AL13+AN13 -> 3 | AF13: =AK13+AM13+AO13 -> 3 | AG13: =AE13+AF13 -> 6 | AH13: Con-Test | AI13: 44091 | AJ13: 3 | AK13: 3 | AL13: 0 | AM13: 0 | AN13: 0 | AO13: 0 | AP13: =AJ13+AK13+AL13+AM13+AN13+AO13 -> 6 | AQ13: 11/11/2020 | AS13: Y | AT13: WERO | AU13: N | AV13: 1061000 | AW13: None | AX13: lsanders@chicopeema.gov | AY13: erin.craft@mass.gov | BD13: =IF(ISBLANK(AD13),"",IF(AD13<TODAY(),L13,"")) -> Chicopee
A14: 44312 | B14: 9-Completed | C14: No Detect, Done | E14: 44046 | F14: 2020-03-06T10:23:35-05:00 | G14: ccf - 201852_P-170023 | H14: VOC Early Education and Care at Mt. Carmel | I14: LG | J14: 35 Mt Carmel Avenue | L14: Chicopee | M14: 01013 | N14: Jyton | O14: Hunter | P14: Director | Q14: 413-433-7363 | R14: jhunter@valleyopp.com | S14: 35 Mt.Carmel Ave. | U14: Chicopee | V14: 01013 | W14: < 1988 | X14: 20+ | Z14: c0b3-717b-9c62 | AA14: 201852 | AB14: Kate | AC14: Jyton Hunter | AD14: 44244 | AE14: 15 | AF14: 15 | AG14: =AE14+AF14 -> 30 | AH14: Con-Test | AI14: 44267 | AJ14: 15 | AK14: 15 | AL14: 0 | AM14: 0 | AN14: 0 | AO14: 0 | AP14: =AJ14+AK14+AL14+AM14+AN14+AO14 -> 30 | AQ14: 44312 | AR14: Sampling took place 2/17/21 and 3/12/21 because all sites were not done the first time | AS14: Y | AT14: WERO | AU14: N | AV14: 1061000 | AW14: None | AX14: lsanders@chicopeema.gov | AY14: erin.craft@mass.gov | BD14: =IF(ISBLANK(AD14),"",IF(AD14<TODAY(),L14,"")) -> Chicopee | BE14: P-170081
A15: 44012 | B15: 9-Completed | C15: No Detect, Done | E15: 44008 | F15: 2020-06-08T12:04:42-05:00 | G15: ccf - 1591635774998 | H15: Skylight daycare | I15: FCC | J15: 101 Angela Drive | L15: Chicopee | M15: 01020 | N15: Olivia | O15: Poellnitz | P15: daycare provider | Q15: 413-386-0040 | R15: oliviapoe370@gmail.com | S15: 101 Angela Drive | U15: Chicopee | V15: 01020 | W15: > 1988 | X15: 0-10 | Y15: Poellnitz, Olivia | Z15: 6fbf-a9dd-f4d7 | AA15: T0000044 | AB15: Kate | AC15: Olivia Poellnitz | AD15: 44148 | AE15: =AJ15+AL15+AN15 -> 2 | AF15: =AK15+AM15+AO15 -> 2 | AG15: =AE15+AF15 -> 4 | AH15: Con-Test | AI15: 44153 | AJ15: 2 | AK15: 2 | AL15: 0 | AM15: 0 | AN15: 0 | AO15: 0 | AP15: =AJ15+AK15+AL15+AM15+AN15+AO15 -> 4 | AQ15: 44159 | AR15: Sample Collection Scheduled 11/20 | AS15: Y | AT15: WERO | AU15: N | AV15: 1061000 | AW15: None | AX15: lsanders@chicopeema.gov | AY15: erin.craft@mass.gov | BD15: =IF(ISBLANK(AD15),"",IF(AD15<TODAY(),L15,"")) -> Chicopee | BE15: P-244643
A16: 44467 | B16: 9-Completed | C16: No Detect, Done | E16: 44183 | F16: 2020-12-11T18:54:03-05:00 | G16: ccf - 1607730636142 | H16: Nurture Nest Daycare | I16: FCC | J16: 224 Blanchard Street | L16: Chicopee | M16: 01020 | N16: Jennifer | O16: Wall | P16: Owner of licensed home daycare | Q16: 413-250-1980 | R16: Jennwall1181@gmail.com | S16: 224 Blanchard St. | T16: 224 Blanchard St. | U16: Chicopee | V16: 01020 | W16: > 1988 | X16: 11-20 | Y16: Wall, Jennifer | Z16: 1278-9cc8-3b08 | AA16: 8030099 | AB16: Kate | AC16: Jenn Wall | AD16: 44398 | AE16: 3 | AF16: 3 | AG16: =AE16+AF16 -> 6 | AH16: Con-Test | AI16: 44461 | AJ16: 3 | AK16: 3 | AL16: 0 | AM16: 0 | AN16: 0 | AO16: 0 | AP16: =AJ16+AK16+AL16+AM16+AN16+AO16 -> 6 | AQ16: 44466 | AR16: Texted her for a sample collection date... | AS16: Y | AT16: WERO | AU16: N | AV16: 1061000 | AW16: None | AX16: lsanders@chicopeema.gov | AY16: erin.craft@mass.gov | BD16: =IF(ISBLANK(AD16),"",IF(AD16<TODAY(),L16,"")) -> Chicopee | BE16: P-182770
A17: 44146 | B17: 9-Completed | C17: No Detect, Done | E17: 44008 | F17: 2020-06-08T11:14:28-05:00 | G17: ccf - 1591632708973 | H17: Little squirts family daycare | I17: FCC | J17: 183 S. Shirkshire Road | L17: Conway | M17: 01341 | N17: Jennifer | O17: Romanovicz | P17: Owner / operator home daycare | Q17: 413-635-8357 | R17: T.hunter3737@gmail.com | S17: 183 S. Shirkshire Rd | U17: Conway | V17: 01341 | W17: > 1988 | X17: 11-20 | Y17: Romanovicz, Jennifer R | Z17: 9e29-36c3-7e18 | AA17: 697776 | AB17: Rick | AC17: Jenn Romanocicz | AD17: 44055 | AE17: =AJ17+AL17+AN17 -> 2 | AF17: =AK17+AM17+AO17 -> 2 | AG17: =AE17+AF17 -> 4 | AH17: Con-Test | AI17: 44067 | AJ17: 2 | AK17: 2 | AL17: 0 | AM17: 0 | AN17: 0 | AO17: 0 | AP17: =AJ17+AK17+AL17+AM17+AN17+AO17 -> 4 | AQ17: 44146 | AS17: N | AT17: WERO | AU17: ? | AV17: 1068006 | AW17: None | AX17: boardofhealth@townofconway.com | AY17: erin.craft@mass.gov | BD17: =IF(ISBLANK(AD17),"",IF(AD17<TODAY(),L17,"")) -> Conway | BE17: P-170164
A18: 44211 | B18: 9-Completed | C18: Follow-up | D18: Put fountains out of commission | E18: 43895 | F18: 2020-01-16T11:34:23-05:00 | G18: ccf - 2912100_P-177316 | H18: Our Lady's Child Care Center | I18: LG | J18: 35 Pleasant Street | L18: Easthampton | M18: 01027 | N18: Jon | O18: Melanson | P18: Assistant Director | Q18: 413-527-6133 | R18: office2olccc@gmail.com | S18: 35 Pleasant Street | U18: Easthampton | V18: 01027 | W18: < 1988 | X18: 20+ | Z18: 0fff-1177-0878 | AA18: 2912100 | AB18: Kate | AC18: Perri Taylor | AD18: 44180 | AE18: =AJ18+AL18+AN18 -> 1 | AF18: =AK18+AM18+AO18 -> 0 | AG18: =AE18+AF18 -> 1 | AH18: Con-Test | AI18: 44201 | AJ18: 1 | AK18: 0 | AL18: 0 | AM18: 0 | AN18: 0 | AO18: 0 | AP18: =AJ18+AK18+AL18+AM18+AN18+AO18 -> 1 | AQ18: 1/15/2021 | AR18: Received labels, resent bottle order with Con-Test | AS18: N | AT18: WERO | AU18: N | AV18: 1087000 | AW18: mczerwiec@easthamptonma.gov | AX18: beichstaedt@easthamptonma.gov | AY18: erin.craft@mass.gov | BD18: =IF(ISBLANK(AD18),"",IF(AD18<TODAY(),L18,"")) -> Easthampton
A19: 44379 | B19: 9-Completed | C19: Remediation | D19: Routine flushing | E19: 44292 | F19: 2021-03-31T11:33:28-05:00 | G19: ccf - 201962_P-170039 | H19: Guild of St. Agnes - Fitchburg | I19: FCC | J19: 9 Payson Street | L19: Fitchburg | M19: 01420 | N19: Marileia | O19: Abade | P19: Educator/Provider | Q19: 857-236-9920 | R19: sunflowerfdc@gmail.com | S19: 9 Payson St. | U19: Fitchburg | V19: 1420 | W19: < 1988 | X19: 0-10 | Y19: St. Agnes-Fitchburg | Z19: 89f9-3c87-50e8 | AA19: 201962 | AB19: Kate | AC19: Marileia Abade | AD19: 44327 | AE19: 3 | AF19: 2 | AG19: =AE19+AF19 -> 5 | AH19: Con-Test | AI19: 44351 | AJ19: 1 | AK19: 2 | AL19: 2 | AM19: 0 | AN19: 0 | AO19: 0 | AP19: =AJ19+AK19+AL19+AM19+AN19+AO19 -> 5 | AQ19: 44354 | AS19: N | AT19: CERO | AU19: N | AV19: 2097000 | AW19: ekirrane@FITCHBURGMA.GOV | AX19: scurry@fitchburgma.gov | AY19: erin.craft@mass.gov | BD19: =IF(ISBLANK(AD19),"",IF(AD19<TODAY(),L19,"")) -> Fitchburg | BE19: P-182554
A20: 44448 | B20: 9-Completed | C20: No Detect, Done | E20: 44393 | F20: 2021-07-14T20:27:44-05:00 | G20: ccf - 1626312258228 | H20: Guertin Day Care | I20: FCC | J20: 495 Burts Pit Road | L20: Florence | M20: 1062 | N20: Shirley | O20: Guertin | P20: Educator/provider/owner | Q20: 413-588-4674 | R20: Shirleyguertin@comcast.net | S20: 495 Burtspit Rd | U20: Florence | V20: 1062 | W20: > 1988 | X20: 11-20 | Z20: 143e-1900-7e05 | AA20: 699137 | AB20: Kate | AC20: Shirley Guertin | AD20: 44433 | AE20: 3 | AF20: 3 | AG20: =AE20+AF20 -> 6 | AH20: Con-Test | AI20: 44446 | AJ20: 3 | AK20: 3 | AL20: 0 | AM20: 0 | AN20: 0 | AO20: 0 | AP20: =AJ20+AK20+AL20+AM20+AN20+AO20 -> 6 | AQ20: 44448 | AR20: Can sample anytime. | AS20: N | AT20: WERO | AU20: N | AV20: 1214000 | AW20: none | AX20: moleary@northamptonma.gov | AY20: erin.craft@mass.gov | BD20: =IF(ISBLANK(AD20),"",IF(AD20<TODAY(),L20,"")) -> Florence
A21: 44397 | B21: 9-Completed | C21: Follow-up | D21: Issue do not drink order | E21: 44298 | F21: 2021-04-09T10:49:55-05:00 | G21: ccf - 201270_P-169798 | H21: Giving Tree School | I21: LG | J21: 3 Wood Avenue | L21: Gill | M21: 01354 | N21: Haley | O21: Anderson | P21: Program Administrator | Q21: 413-863-9218 | R21: admin@givingtreeschool.org | S21: 3 Wood Avenue | U21: Gill | V21: 1354 | W21: < 1988 | X21: 20+ | Z21: 19d5-5d2c-3224 | AA21: 201270 | AB21: Kate | AC21: Haley Anderson | AD21: 44331 | AE21: 5 | AF21: 5 | AG21: =AE21+AF21 -> 10 | AH21: Con-Test | AI21: 44342 | AJ21: 0 | AK21: 5 | AL21: 4 | AM21: 0 | AN21: 1 | AO21: 0 | AP21: =AJ21+AK21+AL21+AM21+AN21+AO21 -> 10 | AQ21: 44343 | AS21: N | AT21: WERO | AU21: N | AV21: 1106000 | AW21: jeff.suprenant@comcast.net | AX21: lwhite@frcog.org | AY21: erin.craft@mass.gov | BD21: =IF(ISBLANK(AD21),"",IF(AD21<TODAY(),L21,"")) -> Gill | BE21: P-170912
A22: 44343 | B22: 9-Completed | C22: Follow-up | D22: Provide bottled water | E22: 44281 | F22: 2020-05-14T12:02:15-05:00 | G22: ccf - 8029384 | H22: Alphabet Soup Preschool Plus of Granby | I22: LG | J22: 55 Taylor Street | L22: Granby | M22: 01033 | N22: Bobbi | O22: Rougeau | P22: Owner | Q22: 413-335-7635 | R22: missbobbi.rougeau@gmail.com | S22: 166 West State St. | U22: Granby | V22: 01033 | W22: < 1988 | X22: 11-20 | Z22: c136-93b4-a6b5 | AA22: 8029384 | AB22: Kate | AC22: Bobbi Rougeau | AD22: 44327 | AE22: 1 | AF22: 1 | AG22: =AE22+AF22 -> 2 | AH22: Con-Test | AI22: 44335 | AJ22: 0 | AK22: 1 | AL22: 1 | AM22: 0 | AN22: 0 | AO22: 0 | AP22: =AJ22+AK22+AL22+AM22+AN22+AO22 -> 2 | AQ22: 44343 | AS22: N | AT22: WERO | AU22: Y | AV22: 1111037 | AW22: bobbischildcare@comcast.net | AX22: boh@granbyma.org | AY22: erin.craft@mass.gov | BD22: =IF(ISBLANK(AD22),"",IF(AD22<TODAY(),L22,"")) -> Granby | BE22: P-169909
A23: 44377 | B23: 9-Completed | C23: No Detect, Done | E23: 44166 | F23: 2020-11-25T10:17:30-05:00 | G23: sch - 04970205 | H23: Pioneer Valley Chinese Immersion Charter School | I23: sch | J23: 317 Russell Street | L23: Hadley | M23: 01035 | N23: Kevin | O23: Lawson | P23: Director of Operations | Q23: 413-582-7040 | R23: klawson@pvcics.org | S23: 317 Russell St. | U23: Hadley | V23: 01035 | W23: < 1988 | X23: 20+ | Z23: c324-88cf-2475 | AA23: 04970205 | AB23: Kate | AC23: Kevin Lawson | AD23: 44224 | AE23: 9 | AF23: 9 | AG23: =AE23+AF23 -> 18 | AH23: Con-Test | AI23: 44236 | AJ23: 9 | AK23: 9 | AL23: 0 | AM23: 0 | AN23: 0 | AO23: 0 | AP23: =AJ23+AK23+AL23+AM23+AN23+AO23 -> 18 | AQ23: 44246 | AR23: Received amended Sample Plan1/23, into Tool, created COC, Sampling 1/28 | AS23: N | AT23: WERO | AU23: N | AV23: 1117002 | AW23: publicworks@hadleyma.org | AX23: health@hadleyma.org | AY23: ruth.e.hersh@mass.gov | BD23: =IF(ISBLANK(AD23),"",IF(AD23<TODAY(),L23,"")) -> Hadley | BE23: P-170209
A24: 44377 | B24: 9-Completed | C24: Remediation | D24: Put fountains out of commission | E24: 43895 | F24: 2020-01-24T12:16:31-05:00 | G24: ccf - 8032025_P-186284 | H24: Valley Opportunity Council at Sullivan | I24: LG | J24: 400 Jarvis Avenue | L24: Holyoke | M24: 01040 | N24: Cassandra | O24: Roche | P24: Center Director | Q24: 413-265-8869 | R24: croche@valleyopp.com | S24: 400 Jarvis Ave. | U24: Holyoke | V24: 01040 | W24: < 1988 | X24: 0-10 | Z24: 973e-2f63-20fc | AA24: 8032025 | AB24: Kate | AC24: Cassandra Roche | AD24: 44243 | AE24: 1 | AF24: 1 | AG24: =AE24+AF24 -> 2 | AH24: Con-Test | AI24: 44250 | AJ24: 0 | AK24: 1 | AL24: 1 | AM24: 0 | AN24: 0 | AO24: 0 | AP24: =AJ24+AK24+AL24+AM24+AN24+AO24 -> 2 | AQ24: 2/25/2021 | AR24: Using delivered water cooler; ceased using faucet. | AS24: N | AT24: WERO | AU24: N | AV24: 1137000 | AW24: contid@holyoke.org | AX24: gonsalvess@holyoke.org | AY24: erin.craft@mass.gov
A25: 44377 | B25: 9-Completed | C25: Remediation | D25: Issue do not drink order | E25: 43894 | F25: 2020-01-23T08:11:04-05:00 | G25: ccf - 2911908_P-177208 | H25: Valley Opportunity Council @Churchill Homes | I25: LG | J25: 334 Elm Street | L25: Holyoke | M25: 01040 | N25: Allyson | O25: Lopez | P25: Center director of Early Educaion And Care Center | Q25: 413-534-2480 | R25: ALopez@valleyopp.com | S25: 334 Elm St. | U25: Holyoke | V25: 01040 | W25: > 1988 | X25: 11-20 | Z25: b765-6cef-2c82 | AA25: 2911908 | AB25: Kate | AD25: 44113 | AE25: =AJ25+AL25+AN25 -> 14 | AF25: =AK25+AM25+AO25 -> 14 | AG25: =AE25+AF25 -> 28 | AH25: Con-Test | AI25: 44131 | AJ25: 0 | AK25: 14 | AL25: 14 | AM25: 0 | AN25: 0 | AO25: 0 | AP25: =AJ25+AK25+AL25+AM25+AN25+AO25 -> 28 | AQ25: 11/11/2020 | AR25: Called and left message 10/5 | AS25: N | AT25: WERO | AU25: N | AV25: 1137000 | AW25: contid@holyoke.org | AX25: gonsalvess@holyoke.org | AY25: erin.craft@mass.gov
A26: 44377 | B26: 9-Completed | C26: No response | D26: Other | E26: 43895 | F26: 2020-01-30T09:51:12-05:00 | G26: ccf - 1580395555466 | H26: Valley Opportunity Council At Beaudoin Village | I26: LG | J26: 16 Barrett Avenue | L26: Holyoke | M26: 01040 | N26: Melody | O26: Robbins | P26: Center Director | Q26: 413-420-0107 | R26: mrobbins@valleyopp.com | S26: 16 Barrett Ave. | U26: Holyoke | V26: 01040 | W26: > 1988 | X26: 0-10 | Z26: 8948-a653-4791 | AA26: 2911803 | AB26: Kate | AD26: 44085 | AE26: =AJ26+AL26+AN26 -> 7 | AF26: =AK26+AM26+AO26 -> 7 | AG26: =AE26+AF26 -> 14 | AH26: Con-Test | AI26: 44131 | AJ26: 0 | AK26: 6 | AL26: 6 | AM26: 1 | AN26: 1 | AO26: 0 | AP26: =AJ26+AK26+AL26+AM26+AN26+AO26 -> 14 | AQ26: 11/11/2020 | AR26: Facility Closed 9/12/20 | AS26: N | AT26: WERO | AU26: N | AV26: 1137000 | AW26: contid@holyoke.org | AX26: gonsalvess@holyoke.org | AY26: erin.craft@mass.gov | BD26: =IF(ISBLANK(AD26),"",IF(AD26<TODAY(),L26,"")) -> Holyoke | BE26: P-170629
A27: 44446 | B27: 9-Completed | C27: Follow-up | D27: Put fountains out of commission | E27: 43895 | F27: 2020-02-10T12:42:09-05:00 | G27: sch - 04531001 | H27: Holyoke Community Charter School | I27: sch | J27: 2200 Northampton Street | L27: Holyoke | M27: 01040 | N27: Thomas | O27: Paquin | P27: Facilities Director | Q27: 413-563-0002 | R27: tpaquin@sabis.net | S27: 2200 Northampton St. | U27: Holyoke | V27: 01040 | W27: > 1988 | X27: 20+ | Z27: 19ff-7090-f9f8 | AA27: 04531001 | AB27: Kate | AC27: Tom Paquin | AD27: 44203 | AE27: 15 | AF27: 15 | AG27: =AE27+AF27 -> 30 | AH27: Con-Test | AI27: 44222 | AJ27: 6 | AK27: 7 | AL27: 5 | AM27: 6 | AN27: 4 | AO27: 2 | AP27: =AJ27+AK27+AL27+AM27+AN27+AO27 -> 30 | AQ27: 1/28/2021 | AR27: Results in, action items done in the Tool. | AS27: N | AT27: WERO | AU27: N | AV27: 1137000 | AW27: contid@holyoke.org | AX27: gonsalvess@holyoke.org | AY27: ruth.e.hersh@mass.gov
A28: 44377 | B28: 9-Completed | C28: Follow-up | D28: Provide bottled water | E28: 43894 | F28: 2020-02-12T11:29:43-05:00 | G28: ccf - 8032026_P-186285 | H28: Valley Opportunity Council at Morgan | I28: LG | J28: 596 South Bridge Street | L28: Holyoke | M28: 01040 | N28: Jessica | O28: O'Connor | P28: Center Director | Q28: 413-537-0529 | R28: JOConnor@valleyopp.com | S28: 596 South Bridge St. | U28: Holyoke | V28: 01022 | W28: < 1988 | X28: 0-10 | Z28: 6ca7-0a00-89b6 | AA28: 8032026 | AB28: Kate | AC28: JOConnor | AD28: 44343 | AE28: 2 | AF28: 2 | AG28: =AE28+AF28 -> 4 | AH28: Con-Test | AI28: 44370 | AJ28: 0 | AK28: 1 | AL28: 1 | AM28: 1 | AN28: 1 | AO28: 0 | AP28: =AJ28+AK28+AL28+AM28+AN28+AO28 -> 4 | AQ28: 44371 | AR28: Called and LM 3/3/21 | AS28: N | AT28: WERO | AU28: N | AV28: 1137000 | AW28: contid@holyoke.org | AX28: gonsalvess@holyoke.org | AY28: erin.craft@mass.gov | BD28: =IF(ISBLANK(AD28),"",IF(AD28<TODAY(),L28,"")) -> Holyoke | BE28: P-211694
A29: 44254 | B29: 9-Completed | C29: Replacement | D29: Provide bottled water | E29: 44201 | F29: 2020-12-28T14:13:21-05:00 | G29: ccf - 201300_P-169805 | H29: Lenox Children's Center | I29: LG | J29: 9 Old Center Street | L29: Lenox | M29: 01240 | N29: Bob | O29: Horn | P29: Water Superintendent | Q29: 413-637-5521 | R29: bhorn@townoflenox.com | S29: Town of Lenox | T29: 275 Main Street | U29: Lenox | V29: 01240 | W29: < 1988 | X29: 20+ | Z29: 18ee-4225-1fe9 | AA29: 201300 | AB29: Rick | AD29: 44245 | AE29: 3 | AF29: 3 | AG29: =AE29+AF29 -> 6 | AH29: Con-Test | AI29: 44252 | AJ29: 0 | AK29: 1 | AL29: 2 | AM29: 2 | AN29: 1 | AO29: 0 | AP29: =AJ29+AK29+AL29+AM29+AN29+AO29 -> 6 | AQ29: 44254 | AR29: Bob Horn will send samples back Thursday 2/18 | AS29: N | AT29: WERO | AU29: N | AV29: 1152000 | AW29: bhorn@townoflenox.com | AX29: jim@tritownhealth.org | AY29: erin.craft@mass.gov | BD29: =IF(ISBLANK(AD29),"",IF(AD29<TODAY(),L29,"")) -> Lenox | BE29: P-185897
A30: 44377 | B30: 9-Completed | C30: Follow-up | D30: Issue do not drink order | E30: 44292 | F30: 2021-04-01T17:11:06-05:00 | G30: ccf - 1617314940090 | H30: Kristen’s home daycare | I30: FCC | J30: 200 Whitcomb Avenue | L30: Littleton | M30: 01460 | N30: Kristen | O30: Ferrante | P30: Home daycare provider | Q30: 978-394-2648 | R30: Dak30@comcast.net | S30: 200 Whitcomb Ave | U30: Littleton | V30: 01460 | W30: > 1988 | X30: 11-20 | Z30: 8e68-1f21-a035 | AA30: 626347 | AB30: Kate | AC30: Kristen Ferante | AD30: 44309 | AE30: 3 | AF30: 3 | AG30: =AE30+AF30 -> 6 | AH30: RI Analytical | AI30: yes | AJ30: 1 | AK30: 3 | AL30: 1 | AM30: 0 | AN30: 1 | AO30: 0 | AP30: =AJ30+AK30+AL30+AM30+AN30+AO30 -> 6 | AQ30: 44330 | AS30: N | AT30: CERO | AU30: N | AV30: 2158000 | AW30: cgodfrey@lelwd.com | AX30: jgarreffi@nashoba.org | AY30: erin.craft@mass.gov | BD30: =IF(ISBLANK(AD30),"",IF(AD30<TODAY(),L30,"")) -> Littleton | BE30: P-169503
A31: 44475 | B31: 9-Completed | C31: Follow-up | D31: Routine flushing | E31: 44293 | F31: 2021-04-03T10:03:58-05:00 | G31: ccf - 1617462173740 | H31: Stephani's Childcare | I31: FCC | J31: 36 Fairlawn Street | L31: Lowell | M31: 01851 | N31: Valessa | O31: Marques | P31: Provider | Q31: 978-967-9909 | R31: valessamarques@hotmail.com | S31: 36 Fairlawn St. | U31: Lowell | V31: 1851 | W31: > 1988 | X31: 11-21 | Y31: Valessa Marquez | Z31: fa5d-72ce-d0d8 | AA31: 8028369 | AB31: Kate | AC31: Valessa | AD31: 44433 | AE31: 5 | AF31: 5 | AG31: =AE31+AF31 -> 10 | AH31: Con-Test | AI31: 44463 | AJ31: 3 | AK31: 5 | AL31: 2 | AM31: 0 | AN31: 0 | AO31: 0 | AP31: =AJ31+AK31+AL31+AM31+AN31+AO31 -> 10 | AQ31: 44475 | AR31: Collected and were picked up by Con-Test labs not RI Analytical... | AS31: N | AT31: NERO | AU31: N | AV31: 3160000 | AW31: None | AX31: jbelanger@lowellma.gov | AY31: erin.craft@mass.gov | BD31: =IF(ISBLANK(AD31),"",IF(AD31<TODAY(),L31,"")) -> Lowell | BE31: P-183302
A32: 44399 | B32: 9-Completed | C32: No Detect, Done | E32: 43895 | F32: 2020-02-17T07:45:24-05:00 | G32: ccf - 291019_P-170913 | H32: Ludlow Boys & Girls Club Child Care | I32: LG | J32: 91 Claudias Way | L32: Ludlow | M32: 01056 | N32: Sarah | O32: Goodwin | P32: Director of Operational Services | Q32: 413-583-2072 | R32: sgoodwin@ludlowbgc.org | S32: 91 Claudia's Way | U32: Ludlow | V32: 01056 | W32: undefined | X32: undefined | Z32: 4c3b-bf47-4e83 | AA32: 291019 | AB32: Kate | AC32: Sarah Goodwin | AD32: 44133 | AE32: =AJ32+AL32+AN32 -> 6 | AF32: =AK32+AM32+AO32 -> 6 | AG32: =AE32+AF32 -> 12 | AH32: Con-Test | AI32: 44144 | AJ32: 6 | AK32: 6 | AL32: 0 | AM32: 0 | AN32: 0 | AO32: 0 | AP32: =AJ32+AK32+AL32+AM32+AN32+AO32 -> 12 | AQ32: 11/12/2020 | AR32: Results received | AS32: N | AT32: WERO | AU32: N | AV32: 1161005 | AW32: Under Springfield | AX32: health@ludlow.ma.us | AY32: erin.craft@mass.gov | BE32: P-186563
A33: 44397 | B33: 9-Completed | C33: Follow-up | D33: Routine flushing | E33: 44292 | F33: 2021-04-01T14:49:09-05:00 | G33: ccf - 1617306410757 | H33: Brenda's childcare | I33: FCC | J33: 106 Standish Road | L33: Lynn | M33: 01904 | N33: Brenda | O33: Resse | P33: Owner | Q33: 781-599-0567 | R33: Brenskidz@aol.com | S33: 106 Standish Road | U33: Lynn | V33: 1904 | W33: < 1988 | X33: 0-10 | Y33: Resse, Brenda | Z33: cc8e-ac1a-5c57 | AA33: 621335 | AB33: Kate | AC33: Brenda Resse | AD33: 44340 | AE33: 6 | AF33: 6 | AG33: =AE33+AF33 -> 12 | AH33: ConTest | AI33: 44357 | AJ33: 3 | AK33: 6 | AL33: 3 | AM33: 0 | AN33: 0 | AO33: 0 | AP33: =AJ33+AK33+AL33+AM33+AN33+AO33 -> 12 | AQ33: 44363 | AS33: N/Y | AT33: NERO | AU33: N | AV33: 3163000 | AW33: rdawe@lynnwatersewer.org | AX33: mdesmarais@lynnma.gov | AY33: erin.craft@mass.gov | BD33: =IF(ISBLANK(AD33),"",IF(AD33<TODAY(),L33,"")) -> Lynn | BE33: P-182771
A34: 44460 | B34: 9-Completed | C34: No response | E34: 44295 | F34: 2021-04-03T15:53:53-05:00 | G34: ccf - 1617484134292 | H34: Kenia Correa | I34: FCC | J34: 38 Union Street | L34: Methuen | M34: 01844 | N34: kenia | O34: correa | P34: Educator | Q34: 978-885-2456 | R34: keniaco28@gmail.com | S34: 38 Union Street | U34: Methuen | V34: 1844 | W34: < 1988 | X34: 0-10 | Z34: 0477-8ee1-4970 | AA34: 8030957 | AB34: Kate | AC34: kenia Correa | AD34: 44318 | AE34: 2 | AF34: 2 | AG34: =AE34+AF34 -> 4 | AH34: RI Analytical | AI34: 44349 | AJ34: 1 | AK34: 0 | AL34: 1 | AM34: 2 | AN34: 0 | AO34: 0 | AP34: =AJ34+AK34+AL34+AM34+AN34+AO34 -> 4 | AQ34: 44351 | AS34: N | AT34: NERO | AU34: N | AV34: 3181000 | AW34: None | AX34: fzemel@ci.methuen.ma.us | AY34: erin.craft@mass.gov | BD34: =IF(ISBLANK(AD34),"",IF(AD34<TODAY(),L34,"")) -> Methuen | BE34: P-171076
A35: 44377 | B35: 9-Completed | C35: No Detect, Done | E35: 43896 | F35: 2020-01-15T12:00:25-05:00 | G35: ccf - 211923_P-170248 | H35: Small Friends | I35: LG | J35: 21 Nobadeer Farm Road | L35: Nantucket | M35: 02554 | N35: Nichole | O35: Olson | P35: Director | Q35: 508-228-6769 | R35: nolson@smallfriendsnantucket.org | S35: Po Box 2826 | U35: Nantucket | V35: 02584 | W35: > 1988 | X35: 20+ | Z35: 95c9-1e01-89cf | AA35: 211923 | AB35: Rick | AD35: 44047 | AE35: =AJ35+AL35+AN35 -> 9 | AF35: =AK35+AM35+AO35 -> 9 | AG35: =AE35+AF35 -> 18 | AH35: Barnstable | AI35: 44062 | AJ35: 9 | AK35: 9 | AL35: 0 | AM35: 0 | AN35: 0 | AO35: 0 | AP35: =AJ35+AK35+AL35+AM35+AN35+AO35 -> 18 | AQ35: 11/3/2020 | AR35: Notified by phone of ND; waiting on Boston letter for forwarding | AS35: N | AT35: SERO | AU35: N | AV35: 4197000 | AW35: mwillett@nantucket-ma.gov | AX35: roberto.santamaria@ci.everett.ma.us | AY35: erin.craft@mass.gov | BD35: =IF(ISBLANK(AD35),"",IF(AD35<TODAY(),L35,"")) -> Nantucket | BE35: P-187015
A36: 44146 | B36: 9-Completed | C36: No Detect, Done | E36: 44008 | F36: 2020-06-09T11:29:40-05:00 | G36: ccf - 1591720143555 | H36: Cozy Coop | I36: FCC | J36: 122 Durfee Street | L36: New Bedford | M36: 02740 | N36: Viry | O36: Hernandez | P36: Family child care provider | Q36: 781-330-5641 | R36: vmendez18@gmail.com | S36: 122 Durfee St. | U36: New Bedford | V36: 02740 | W36: undefined | X36: undefined | Y36: Hernandez, Viry | Z36: f843-8a60-73c0 | AA36: T0000046 | AB36: Rick | AD36: 44054 | AE36: =AJ36+AL36+AN36 -> 3 | AF36: =AK36+AM36+AO36 -> 2 | AG36: =AE36+AF36 -> 5 | AH36: RI Analytical | AI36: 44063 | AJ36: 3 | AK36: 2 | AL36: 0 | AM36: 0 | AN36: 0 | AO36: 0 | AP36: =AJ36+AK36+AL36+AM36+AN36+AO36 -> 5 | AQ36: 44146 | AR36: Notified by phone of ND; waiting on Boston letter for forwarding | AS36: N | AT36: SERO | AU36: N | AV36: 4201000 | AW36: ymane.galotti@newbedford-ma.gov | AX36: damon.chaplin@newbedford-ma.gov | AY36: erin.craft@mass.gov | BD36: =IF(ISBLANK(AD36),"",IF(AD36<TODAY(),L36,"")) -> New Bedford | BE36: P-170129
A37: 44376 | B37: 9-Completed | C37: No Detect, Done | E37: 44292 | F37: 2021-04-01T14:11:03-05:00 | G37: ccf - 290938_P-170994 | H37: Kindercare Learning Center | I37: LG | J37: 1 Daniel Lucy Way | L37: Newburyport | M37: 01950 | N37: Joanie | O37: Dole | P37: Center Director | Q37: 978-462-5649 | R37: jodole@kindercare.com | S37: 1 Daniel Lucy Way | U37: Newburyport | V37: 1950 | W37: > 1988 | X37: 20+ | AA37: 290938 | AB37: Gene | AC37: Gene Brunelle | AD37: 43973 | AE37: 21 | AF37: 21 | AG37: =AE37+AF37 -> 42 | AH37: RI Analytical | AI37: 44358 | AJ37: 21 | AK37: 21 | AL37: 0 | AM37: 0 | AN37: 0 | AO37: 0 | AP37: =AJ37+AK37+AL37+AM37+AN37+AO37 -> 42 | AQ37: 44376 | AR37: Sites received 5/11 | AS37: N | AT37: NERO | AU37: N | AV37: 3206000 | AW37: None | AX37: fgiacalone@cityofnewburyport.com | AY37: erin.craft@mass.gov
A38: 44224 | B38: 9-Completed | C38: No Detect, Done | E38: 44140 | F38: 2020-09-15T10:33:13-05:00 | G38: sch - 05320010 | H38: HEC Academy | I38: sch | J38: c/o HEC Academy | K38: 97 Hawley Street | L38: Northampton | M38: 01060 | N38: Sherry | O38: Smith | P38: Director of Special Education | Q38: 413-588-5260 | R38: ssmith@collaborative.org | S38: c/o HEC Academy | T38: 97 Hawley Street | U38: Northampton | V38: 01060 | W38: < 1988 | X38: 20+ | Z38: 1db0-55d7-27e1 | AA38: 05320010 | AB38: Kate | AC38: Sherry Smith | AD38: 44202 | AE38: 6 | AF38: 6 | AG38: =AE38+AF38 -> 12 | AH38: Con-Test | AI38: 44214 | AJ38: 2 | AK38: 6 | AL38: 4 | AM38: 0 | AN38: 0 | AO38: 0 | AP38: =AJ38+AK38+AL38+AM38+AN38+AO38 -> 12 | AQ38: 44224 | AR38: Samples Collected 1/6/21 at 7:30AM; Sampling completed 3/10/21 | AS38: N | AT38: WERO | AU38: N | AV38: 1214000 | AW38: dpwinfo@northamptonma.gov | AX38: healthdept@northamptonma.gov | AY38: ruth.e.hersh@mass.gov | BD38: =IF(ISBLANK(AD38),"",IF(AD38<TODAY(),L38,"")) -> Northampton | BE38: P-169407
A39: 44377 | B39: 9-Completed | C39: No Detect, Done | E39: 43895 | F39: 2020-02-04T07:40:00-05:00 | G39: sch - 1580819745259 | H39: 18 Degrees, Early Education and Care Redfield House | I39: LG | J39: 48 Elizabeth Street | L39: Pittsfield | M39: 01201 | N39: Anthony | O39: Anderton | P39: Director of Building and Grounds | Q39: 413-448-8281 x229 | R39: tanderton@18degreesma.org | S39: 480 West St. | U39: Pittsfield | V39: 01201 | W39: < 1988 | X39: 0-10 | Y39: Berkshire Family & Children | Z39: b54e-8200-c8c4 | AA39: 212367 | AB39: Kate | AC39: Tony Anderton | AD39: 44167 | AE39: =AJ39+AL39+AN39 -> 5 | AF39: =AK39+AM39+AO39 -> 5 | AG39: =AE39+AF39 -> 10 | AH39: Con-Test | AI39: 44180 | AJ39: 4 | AK39: 5 | AL39: 1 | AM39: 0 | AN39: 0 | AO39: 0 | AP39: =AJ39+AK39+AL39+AM39+AN39+AO39 -> 10 | AQ39: 12/29/2020 | AR39: Collections completed 12/2. | AS39: N | AT39: WERO | AU39: N | AV39: 1236000 | AW39: bstack@cityofpittsfield.org | AX39: garmstrong@pittsfieldch.com | AY39: erin.craft@mass.gov | BD39: =IF(ISBLANK(AD39),"",IF(AD39<TODAY(),L39,"")) -> Pittsfield | BE39: P-182770
A40: 44377 | B40: 9-Completed | C40: No Detect, Done | E40: 43895 | F40: 2020-01-29T09:46:40-05:00 | G40: ccf - 1580309107002 | H40: 18 Degrees Early Education and Care | I40: LG | J40: 480 West Street | L40: Pittsfield | M40: 01201 | N40: Anthony | O40: Anderton | P40: Director of Building and Grounds | Q40: 413-448-8281 | R40: tanderton@18degreesma.org | S40: 480 West St. | U40: Pittsfield | V40: 01201 | W40: > 1988 | X40: 11-20 | Y40: Berkshire Family & Children | Z40: b54e-8200-c8c4 | AA40: 201332 | AB40: Kate | AC40: Tony Anderton | AD40: 44167 | AE40: =AJ40+AL40+AN40 -> 6 | AF40: =AK40+AM40+AO40 -> 6 | AG40: =AE40+AF40 -> 12 | AH40: Con-Test | AI40: 44180 | AJ40: 6 | AK40: 6 | AL40: 0 | AM40: 0 | AN40: 0 | AO40: 0 | AP40: =AJ40+AK40+AL40+AM40+AN40+AO40 -> 12 | AQ40: 12/29/2020 | AR40: Collections scheduled 12/2. | AS40: N | AT40: WERO | AU40: N | AV40: 1236000 | AW40: bstack@cityofpittsfield.org | AX40: garmstrong@pittsfieldch.com | AY40: erin.craft@mass.gov
A41: 44146 | B41: 9-Completed | C41: Remediation | D41: Routine flushing | E41: 43895 | F41: 2020-02-05T13:36:28-05:00 | G41: ccf - 212459_P-170433 | H41: HeadStart @ Meadow Lane | I41: LG | J41: 1 Meadown Lane | L41: Pittsfield | M41: 01201 | N41: Lorie | O41: Harrington | P41: Health and Safety Manager | Q41: 413-445-4161 | R41: lharrington@berkhs.org | S41: 1 Meadow Lane | U41: Pittsfield | V41: 01201 | W41: < 1988 | X41: 20+ | Z41: 0cfe-c643-597e | AA41: 212459 | AB41: Kate | AC41: Lori Harrington | AD41: 44069 | AE41: =AJ41+AL41+AN41 -> 8 | AF41: =AK41+AM41+AO41 -> 8 | AG41: =AE41+AF41 -> 16 | AH41: Con-Test | AI41: 44131 | AJ41: 6 | AK41: 8 | AL41: 2 | AM41: 0 | AN41: 0 | AO41: 0 | AP41: =AJ41+AK41+AL41+AM41+AN41+AO41 -> 16 | AQ41: 11/11/2020 | AR41: Results in MT, ready for Spreadsheet | AS41: N | AT41: WERO | AU41: N | AV41: 1236000 | AW41: bstack@cityofpittsfield.org | AX41: garmstrong@pittsfieldch.com | AY41: erin.craft@mass.gov | BD41: =IF(ISBLANK(AD41),"",IF(AD41<TODAY(),L41,"")) -> Pittsfield | BE41: P-177490
A42: 44399 | B42: 9-Completed | C42: Follow-up | D42: Issue do not drink order | E42: 44292 | F42: 2021-04-02T09:28:18-05:00 | G42: ccf - 1617373591765 | H42: Le petit chateau family daycare | I42: FCC | J42: 25 Campbell Avenue | L42: Revere | M42: 02151 | N42: Ilham | O42: Haily | P42: Daycare provider | Q42: 781-363-7491 | R42: Hailyilham@hotmail.com | S42: 25 Campbell ave | U42: Revere | V42: 2151 | W42: > 1988 | X42: 11-20 | Y42: Ilham Hailey | Z42: 4122-7f6c-0190 | AA42: 7023594 | AB42: Kate | AC42: Ilham Haily | AD42: 44323 | AE42: 3 | AF42: 3 | AG42: =AE42+AF42 -> 6 | AH42: RI Analytical | AI42: 44349 | AJ42: 2 | AK42: 2 | AL42: 1 | AM42: 1 | AN42: 0 | AO42: 0 | AP42: =AJ42+AK42+AL42+AM42+AN42+AO42 -> 6 | AQ42: 44351 | AS42: Y | AT42: NERO | AU42: N | AV42: 3248000 | AW42: None | AX42: mwells@revere.org | AY42: erin.craft@mass.gov | BD42: =IF(ISBLANK(AD42),"",IF(AD42<TODAY(),L42,"")) -> Revere | BE42: P-170205
A43: 44398 | B43: 9-Completed | C43: Replacement | D43: Turn off contaminated outlets | E43: 44358 | F43: 2021-05-26T13:46:56-05:00 | G43: ccf - 1622054753588 | H43: Salem Community Child Care | I43: LG | J43: P.O. Box 8 | K43: 92 Congress Street | L43: Salem | M43: 01970 | N43: Celeste | O43: Hamilton | P43: Site Director | Q43: 978-744-3479 | R43: salemcc@verizon.net | S43: P.O. Box 8 | T43: 92 Congress Street | U43: Salem | V43: 01970 | W43: < 1988 | X43: 11-20 | Z43: 229b-473e-f996 | AA43: 200853 | AB43: Bob | AC43: Bob Hoyt | AD43: 44373 | AE43: 8 | AF43: 8 | AG43: =AE43+AF43 -> 16 | AH43: RI Analytical | AI43: 44389 | AJ43: 6 | AK43: 8 | AL43: 1 | AM43: 0 | AN43: 1 | AO43: 0 | AP43: =AJ43+AK43+AL43+AM43+AN43+AO43 -> 16 | AQ43: 44398 | AS43: N | AT43: NERO | AU43: N | AV43: 3258000 | AW43: dknowlton@salem.com | AX43: dgreenbaum@salem.com | AY43: erin.craft@mass.gov | BD43: =IF(ISBLANK(AD43),"",IF(AD43<TODAY(),L43,"")) -> Salem | BE43: P-169775
A44: 44377 | B44: 9-Completed | C44: Follow-up | D44: Provide bottled water | E44: 44298 | F44: 2021-04-07T09:35:43-05:00 | G44: ccf - 1617806080318 | H44: Red Bird Preschool | I44: FCC | J44: 54 Baker Road | L44: Shutesbury | M44: 01072 | N44: HenaSusha | O44: Schiffman | P44: Owner | Q44: 413-658-4616 | R44: redbirdpreschool@gmail.com | S44: 54 Baker Road | U44: Shutesbury | V44: 1072 | W44: > 1988 | X44: 0-10 | Y44: Henasusha Schiffman | AA44: T0000063 | AB44: Kate | AC44: Henasusha Schiffman | AD44: 44323 | AE44: 5 | AF44: 5 | AG44: =AE44+AF44 -> 10 | AH44: Con-Test | AI44: 44335 | AJ44: 3 | AK44: 4 | AL44: 2 | AM44: 1 | AN44: 0 | AO44: 0 | AP44: =AJ44+AK44+AL44+AM44+AN44+AO44 -> 10 | AQ44: 44337 | AS44: N | AT44: WERO | AU44: N | AV44: 1272002 | AW44: fosterm@shutesburyschool.org | AX44: health.agent86@gmail.com | AY44: erin.craft@mass.gov | BD44: =IF(ISBLANK(AD44),"",IF(AD44<TODAY(),L44,"")) -> Shutesbury
A45: 44446 | B45: 9-Completed | C45: Follow-up | D45: Provide bottled water | E45: 44008 | F45: 2020-06-17T13:33:19-05:00 | G45: ccf - 8028363_P-182544 | H45: Alphabet Soup Preschool Plus | I45: LG | J45: 5 Ferry Street | K45: 36 Hadley Street | L45: South Hadley | M45: 01075 | N45: Bobbi | O45: Rougeau | P45: Owner | Q45: 413-335-7635 | R45: missbobbi.rougeau@gmail.com | S45: 5 Ferry St. | U45: South Hadley | V45: 01033 | W45: < 1988 | X45: 11-20 | AA45: 8028363 | AB45: Kate | AC45: Bobbi | AD45: 44335 | AE45: 1 | AF45: 1 | AG45: =AE45+AF45 -> 2 | AH45: Con-Test | AI45: 44343 | AJ45: 1 | AK45: 0 | AL45: 1 | AM45: 0 | AN45: 0 | AO45: 0 | AP45: =AJ45+AK45+AL45+AM45+AN45+AO45 -> 2 | AQ45: 44343 | AR45: Tested in September 2020 by SHFD#2 since they were an Emer CCF during pandemic | AS45: N | AT45: WERO | AU45: N | AV45: 1275001 | AW45: None | AX45: healthdept@southhadley.org | AY45: erin.craft@mass.gov
A46: 44397 | B46: 9-Completed | C46: Follow-up | D46: Provide water bottles | E46: 43895 | F46: 2020-01-15T12:34:31-05:00 | G46: ccf - 291012_P-170912 | H46: Giggle Garden's, Inc. | I46: LG | J46: 627 State Street | L46: Springfield | M46: 01109 | N46: Tasha | O46: Johnson | P46: Director | Q46: 413-439-0391 | R46: tasha105p@aol.com | S46: 627 State St. | U46: Springfield | V46: 01109 | W46: < 1988 | X46: 20+ | Z46: c99f-230e-3bc3 | AA46: 291012 | AB46: Kate | AC46: Carl Mazzafarro | AD46: 44217 | AE46: 2 | AF46: 2 | AG46: =AE46+AF46 -> 4 | AH46: Con-Test | AI46: 44230 | AJ46: 1 | AK46: 2 | AL46: 1 | AM46: 0 | AN46: 0 | AO46: 0 | AP46: =AJ46+AK46+AL46+AM46+AN46+AO46 -> 4 | AQ46: 2/4/2021 | AR46: Sampling completed 1/21/21, COC amended for error 1/28/21 | AS46: N | AT46: WERO | AU46: N | AV46: 1281000 | AW46: josh.schimmel@waterandsewer.org | AX46: sdennis@springfieldcityhall.com | AY46: erin.craft@mass.gov | BD46: =IF(ISBLANK(AD46),"",IF(AD46<TODAY(),L46,"")) -> Springfield | BE46: P-184808
A47: 44377 | B47: 9-Completed | C47: Remediation | D47: Routine flushing | E47: 44008 | F47: 2020-06-09T21:15:56-05:00 | G47: ccf - 1591755158541 | H47: Paula's Barn, Inc. | I47: FCC | J47: 48 BuRoadette Street | L47: Springfield | M47: 01108 | N47: Harold | O47: Blanco | P47: Engineer | Q47: 413-265-6239 | R47: haroldblancog@gmail.com | S47: 48 Burdette St. | U47: Springfield | V47: 01108 | W47: > 1988 | X47: 0-10 | Y47: Echeverri Durango, Paula | Z47: a319-fe7c-98f8 | AA47: 8033981 | AB47: Kate | AC47: Hector Blanco | AD47: 44083 | AE47: =AJ47+AL47+AN47 -> 4 | AF47: =AK47+AM47+AO47 -> 4 | AG47: =AE47+AF47 -> 8 | AH47: ConTest | AI47: 44090 | AJ47: 3 | AK47: 4 | AL47: 1 | AM47: 0 | AN47: 0 | AO47: 0 | AP47: =AJ47+AK47+AL47+AM47+AN47+AO47 -> 8 | AQ47: 44146 | AR47: Results in MT, ready for Spreadsheet | AS47: N | AT47: WERO | AU47: N | AV47: 1281000 | AW47: josh.schimmel@waterandsewer.org | AX47: sdennis@springfieldcityhall.com | AY47: erin.craft@mass.gov
A48: 44399 | B48: 9-Completed | C48: No Detect, Done | E48: 44008 | F48: 2020-06-22T09:11:14-05:00 | G48: ccf - 1592834961894 | H48: Little Angels Place Daycare | I48: FCC | J48: 20 Raymond Place | L48: Springfield | M48: 01104 | N48: Leslie | O48: Gomez | P48: child care provider | Q48: 413-297-3514 | R48: elijahnjavian@gmail.com | S48: 20 Raymond Place | U48: Springfield | V48: 01104 | W48: > 1988 | X48: 0-10 | Y48: Gomez, Leslie | Z48: 0935-fe21-72af | AA48: T0000049 | AB48: Kate | AC48: Leslie Gomez | AD48: 44058 | AE48: =AJ48+AL48+AN48 -> 2 | AF48: =AK48+AM48+AO48 -> 2 | AG48: =AE48+AF48 -> 4 | AH48: ConTest | AI48: 44069 | AJ48: 2 | AK48: 2 | AL48: 0 | AM48: 0 | AN48: 0 | AO48: 0 | AP48: =AJ48+AK48+AL48+AM48+AN48+AO48 -> 4 | AQ48: 44146 | AR48: Results in MT, ready for Spreadsheet | AS48: N | AT48: WERO | AU48: N | AV48: 1281000 | AW48: josh.schimmel@waterandsewer.org | AX48: sdennis@springfieldcityhall.com | AY48: erin.craft@mass.gov | BD48: =IF(ISBLANK(AD48),"",IF(AD48<TODAY(),L48,"")) -> Springfield | BE48: P-170300
A49: 44377 | B49: 9-Completed | C49: Remediation | D49: Routine flushing | E49: 44298 | F49: 2021-04-05T10:13:23-05:00 | G49: ccf - 1617635473755 | H49: Rose, Donna L - Family Child Care | I49: FCC | J49: 55 Ralph Street | L49: Springfield | M49: 01109 | N49: Donna | O49: Rose | P49: Provider/Owner | Q49: 413-739-1938 | R49: dicesons@aol.com | S49: 55 Ralph Street | U49: Springfield | V49: 1109 | W49: < 1988 | X49: 0-10 | Z49: 7269-7d0d-ad92 | AA49: 625447 | AB49: Kate | AC49: D ROSE | AD49: 44356 | AE49: 4 | AF49: 4 | AG49: =AE49+AF49 -> 8 | AH49: Con-Test | AI49: 44370 | AJ49: 2 | AK49: 4 | AL49: 2 | AM49: 0 | AN49: 0 | AO49: 0 | AP49: =AJ49+AK49+AL49+AM49+AN49+AO49 -> 8 | AQ49: 44371 | AS49: N | AT49: WERO | AU49: N | AV49: 1281000 | AW49: josh.schimmel@waterandsewer.org | AX49: sdennis@springfieldcityhall.com | AY49: erin.craft@mass.gov | BD49: =IF(ISBLANK(AD49),"",IF(AD49<TODAY(),L49,"")) -> Springfield
A50: 44383 | B50: 9-Completed | C50: No Detect, Done | E50: 44298 | F50: 2021-04-05T10:29:00-05:00 | G50: ccf - 1617636446738 | H50: Together Family Child Care | I50: FCC | J50: 15 Alyssa Drive | L50: Townsend | M50: 01469 | N50: Bita | O50: Reilly | P50: Family Child Care Provider | Q50: 978-335-7079 | R50: yasbita@gmail.com | S50: 15 Alyssa Drive | U50: Townsend | V50: 1469 | W50: > 1988 | X50: 0-10 | Z50: f55f-76f5-631e | AA50: T0000060 | AB50: Bob | AC50: Bob Hoyt | AD50: 44355 | AE50: 3 | AF50: 3 | AG50: =AE50+AF50 -> 6 | AH50: RI Analytical | AI50: 44376 | AJ50: 3 | AK50: 3 | AL50: 0 | AM50: 0 | AN50: 0 | AO50: 0 | AP50: =AJ50+AK50+AL50+AM50+AN50+AO50 -> 6 | AQ50: 44378 | AR50: called Mary Wall | AS50: N | AT50: CERO | AU50: ? | AV50: 2299000 | AW50: watertech@townsend.ma.us | AX50: water@townsendwater.org | AY50: erin.craft@mass.gov | BD50: =IF(ISBLANK(AD50),"",IF(AD50<TODAY(),L50,"")) -> Townsend
A51: 44383 | B51: 9-Completed | C51: Remediation | D51: Routine flushing | E51: 44298 | F51: 2021-04-08T10:37:26-05:00 | G51: ccf - 1617895983613 | H51: Rubina Mirza | I51: FCC | J51: 1 Pinehurst Avenue | L51: Tyngsboro | M51: 01879 | N51: Rubina | O51: Mirza | P51: Child care provider | Q51: 978-399-4329 | R51: bina7861@gmail.com | S51: 1 Pinehurst Avenue | U51: Tyngsboro | V51: 1879 | W51: > 1988 | X51: 0-10 | Z51: 8691-b2c1-88b2 | AA51: T0000064 | AB51: Bob | AC51: Bob Hoyt | AD51: 44348 | AE51: 4 | AF51: 4 | AG51: =AE51+AF51 -> 8 | AH51: RI Analytical | AI51: 44369 | AJ51: 2 | AK51: 4 | AL51: 2 | AM51: 0 | AN51: 0 | AO51: 0 | AP51: =AJ51+AK51+AL51+AM51+AN51+AO51 -> 8 | AQ51: 44372 | AR51: message left | AS51: N | AT51: NERO | AU51: ? | AV51: 3301000 | AW51: info@tyngsboroughwater.org | AX51: koun@tyngsboroughma.gov | AY51: erin.craft@mass.gov | BD51: =IF(ISBLANK(AD51),"",IF(AD51<TODAY(),L51,"")) -> Tyngsboro | BE51: P-186285
A52: 44146 | B52: 9-Completed | C52: Remediation | D52: Routine flushing | E52: 43986 | F52: 2020-05-15T16:22:26-05:00 | G52: ccf - 8030730_P-184808 | H52: After The Bell @ Gleason YMCA | I52: LG | J52: 33 Charge Pond Road | L52: Wareham | M52: 02571 | N52: Melissa | O52: Dyer | P52: Senior Program Director | Q52: 508-295-9622 | R52: mdyer@ymcasc.org | S52: 33 Charge Pond Rd | U52: Wareham | V52: 02571 | W52: > 1988 | X52: 20+ | Z52: eb30-cee5-fe0f | AA52: 8030730 | AB52: Rick | AC52: Melissa Dyer | AD52: 44070 | AE52: =AJ52+AL52+AN52 -> 20 | AF52: =AK52+AM52+AO52 -> 20 | AG52: =AE52+AF52 -> 40 | AH52: Barnstable | AI52: 44096 | AJ52: 16 | AK52: 20 | AL52: 4 | AM52: 0 | AN52: 0 | AO52: 0 | AP52: =AJ52+AK52+AL52+AM52+AN52+AO52 -> 40 | AQ52: 44146 | AR52: Sampling complete; waiting on Boston letter for forwarding | AS52: N | AT52: SERO | AU52: N | AV52: 4310000 | AW52: areid@warehamfiredistrict.org | AX52: rethier@wareham.ma.us | AY52: erin.craft@mass.gov | BD52: =IF(ISBLANK(AD52),"",IF(AD52<TODAY(),L52,"")) -> Wareham | BE52: P-170433
A53: 44383 | B53: 9-Completed | C53: No Detect, Done | E53: 44298 | F53: 2021-04-05T19:45:13-05:00 | G53: ccf - 8028467_P-182554 | H53: Montessori Day School of Wellesley Hills | I53: LG | J53: 40 Abbott Road | L53: Wellesley Hills | M53: 02481 | N53: Mary | O53: Wall | P53: Director | Q53: 781-795-5571 | R53: mdswhs@gmail.com | S53: 40 Abbott Road | U53: Wellesley | V53: 2481 | W53: < 1988 | X53: 20+ | Z53: d91b-a87f-0bda | AA53: 8028467 | AB53: Bob | AC53: Bob Hoyt | AD53: 44344 | AE53: 6 | AF53: 6 | AG53: =AE53+AF53 -> 12 | AH53: RI Analytical | AI53: 44371 | AJ53: 6 | AK53: 6 | AL53: 0 | AM53: 0 | AN53: 0 | AO53: 0 | AP53: =AJ53+AK53+AL53+AM53+AN53+AO53 -> 12 | AQ53: 44372 | AR53: called Mary Wall | AS53: Y | AT53: NERO | AU53: ? | AV53: 3317000 | AW53: bshaughnessy@wellesleyma.gov | AX53: lizzo@wellesleyma.gov | AY53: erin.craft@mass.gov | BD53: =IF(ISBLANK(AD53),"",IF(AD53<TODAY(),L53,"")) -> Wellesley Hills | BE53: P-169439
A54: 44383 | B54: 9-Completed | C54: No Detect, Done | E54: 44298 | F54: 2021-04-05T11:09:01-05:00 | G54: ccf - 200545_P-169602 | H54: Weston Wing | I54: LG | J54: 313 North Avenue | L54: Weston | M54: 02493 | N54: Marianne | O54: Maloney | P54: Director | Q54: 781-894-9021 | R54: director@westonwing.com | S54: 313 North Avenue | T54: PO Box 684 | U54: Weston | V54: 2493 | W54: > 1988 | X54: 20+ | Z54: 3df7-87b6-8214 | AA54: 200545 | AB54: Bob | AC54: Bob Hoyt | AD54: 44358 | AE54: 12 | AF54: 12 | AG54: =AE54+AF54 -> 24 | AH54: RI Analytical | AI54: 44376 | AJ54: 12 | AK54: 12 | AL54: 0 | AM54: 0 | AN54: 0 | AO54: 0 | AP54: =AJ54+AK54+AL54+AM54+AN54+AO54 -> 24 | AQ54: 44378 | AR54: called | AS54: Y | AT54: NERO | AU54: ? | AV54: 3333000 | AW54: None | AX54: diotalevi.w@westonmass.org | AY54: erin.craft@mass.gov | BD54: =IF(ISBLANK(AD54),"",IF(AD54<TODAY(),L54,"")) -> Weston | BE54: P-187751
A55: 44467 | B55: 9-Completed | C55: No Detect, Done | E55: 44417 | F55: 2021-07-21T12:38:26-05:00 | G55: ccf - 1626888784105 | H55: Little Lambs Daycare | I55: FCC | J55: 12 Elm Place | L55: Whitinsville | M55: 01588 | N55: Polliane | O55: Siqueira | P55: Provider | Q55: 774-270-6480 | R55: polliane12@hotmail.com | S55: 12 Elm Place | U55: Whitinsville | V55: 01588 | W55: < 1988 | X55: 0-10 | Y55: Dutra Siqueira, Polliane | Z55: 746a-644f-b414 | AA55: T0000081 | AB55: Kate | AC55: Polliane Siqueira | AD55: 44449 | AE55: 5 | AF55: 5 | AG55: 10 | AH55: Con-Test | AI55: 44466 | AJ55: 5 | AK55: 5 | AL55: 0 | AM55: 0 | AN55: 0 | AO55: 0 | AP55: =AJ55+AK55+AL55+AM55+AN55+AO55 -> 10 | AQ55: 44466 | AR55: Bottles ordered | AS55: N | AT55: CERO | AU55: Y | AV55: 2216000 | AW55: rswigor@whitinsvillewater.com | AX55: jgniadek@northbridgemass.org | AY55: erin.craft@mass.gov | BD55: =IF(ISBLANK(AD55),"",IF(AD55<TODAY(),L55,"")) -> Whitinsville
A56: 44077 | B56: 9-Completed | C56: No Detect, Done | D56: Other | E56: 43896 | F56: 2020-03-02T12:07:28-05:00 | G56: sch - 1583168657454 | H56: Excel Academy Charter School | I56: sch | J56: 180 Second Street | L56: Chelsea | M56: 02150 | N56: Stephanie | O56: Gregg | P56: Dean of Operations | Q56: 813-404-0470 | R56: sgregg@excelacademy.org | S56: 180 Second St. | U56: Chelsea | V56: 02150 | W56: > 1988 | X56: 0-10 | Z56: 31ab-f915-db03 | AA56: T0000020 | AB56: Gene | AG56: =AE56+AF56 -> 0 | AP56: =AJ56+AK56+AL56+AM56+AN56+AO56 -> 0 | AR56: Phase 1 Participant All ND | AS56: Y | AT56: NERO | AU56: N | AV56: 3248000 | AW56: BTAVERNA@CHELSEAMA.GOV | AX56: lprado@chelseama.gov | AY56: ruth.e.hersh@mass.gov | BC56: =IF(ISBLANK(AH56),"",IF(AH56<TODAY(),L56,"")) | BD56: =IF(ISBLANK(AD56),"",IF(AD56<TODAY(),L56,"")) | BE56: P-169959
A57: 44484 | B57: 9-Completed | C57: No Detect, Done | E57: 44396 | F57: 2021-07-15T12:08:13-05:00 | G57: ccf - 8033878_P-242994 | H57: IBA-Preschool Program @ West Dedham St | I57: LG | J57: 100 West Dedham Street | L57: Boston | M57: 2118 | N57: Joanna | O57: Fuentes | P57: Program Manager | Q57: 617-927-1740 | R57: Joanna@ibaboston.org | S57: 405 Shawmut Ave | U57: Boston | V57: 2118 | W57: < 1988 | X57: 20+ | Z57: dc17-85b1-1d3a | AA57: T0000075 | AB57: Bob | AC57: Bob Hoyt | AD57: 44415 | AE57: 3 | AF57: 3 | AG57: 6 | AH57: RI Analytical | AI57: 44481 | AJ57: 3 | AK57: 3 | AL57: 0 | AM57: 0 | AN57: 0 | AO57: 0 | AP57: =AJ57+AK57+AL57+AM57+AN57+AO57 -> 6 | AQ57: 44484 | AS57: Y | AT57: NERO | AU57: N | AV57: 3035000 | AW57: sullivanjp@bwsc.org | AX57: rnieves@bphc.org | AY57: erin.craft@mass.gov | BD57: =IF(ISBLANK(AD57),"",IF(AD57<TODAY(),L57,"")) -> Boston
A58: 44490 | B58: 9-Completed | C58: Remediation | D58: Routine flushing | E58: 44291 | F58: 2021-03-30T18:01:28-05:00 | G58: ccf - 8032657_P-187015 | H58: The Early Education Academy | I58: LG | J58: 396 Ashland Street | L58: Abington | M58: 02351 | N58: Michelle | O58: Davis | P58: Director | Q58: 781-857-2077 | R58: Earlyed2016@gmail.com | S58: 396 Ashland St. | U58: Abington | V58: 2351 | W58: < 1988 | X58: 0-10 | Z58: 2ef2-80d7-55e9 | AA58: T0000052 | AB58: Gene | AC58: Gene Brunelle | AD58: 44315 | AE58: 2 | AF58: 2 | AG58: =AE58+AF58 -> 4 | AH58: RI Analytical | AI58: 44349 | AJ58: 1 | AK58: 2 | AL58: 1 | AM58: 0 | AN58: 0 | AO58: 0 | AP58: =AJ58+AK58+AL58+AM58+AN58+AO58 -> 4 | AQ58: 44351 | AS58: N | AT58: SERO | AU58: N | AV58: 4001000 | AW58: troyal@abrockwater.com | AX58: mgolightly@abingtonma.gov | AY58: erin.craft@mass.gov | BD58: =IF(ISBLANK(AD58),"",IF(AD58<TODAY(),L58,"")) -> Abington | BE58: P-170497
A59: 44490 | B59: 9-Completed | C59: Remediation | D59: Routine flushing | E59: 43986 | F59: 2020-05-14T07:26:56-05:00 | G59: ccf - 201077_P-169889 | H59: Pakachoag Acres Day Care Center, Inc. | I59: LG | J59: 141 Auburn Street | L59: Auburn | M59: 01501 | N59: Joe | O59: Martin | P59: Executive Director | Q59: 508-756-2730 | R59: joe@pakachoag.net | S59: 141 Auburn St. | U59: Auburn | V59: 1501 | W59: > 1988 | X59: 20+ | Z59: 673e-ab7c-9030 | AA59: 201077 | AB59: Gene | AC59: Gene Brunelle | AD59: 44177 | AE59: =AJ59+AL59+AN59 -> 33 | AF59: =AK59+AM59+AO59 -> 23 | AG59: =AE59+AF59 -> 56 | AH59: RI Analytical | AI59: 44204 | AJ59: 18 | AK59: 23 | AL59: 15 | AM59: 0 | AN59: 0 | AO59: 0 | AP59: =AJ59+AK59+AL59+AM59+AN59+AO59 -> 56 | AQ59: 44211 | AR59: Sampling completed 12/12, Delivered to RI Analytical 12/15 | AS59: N | AT59: CERO | AU59: N | AV59: 2017000 | AW59: ksmith@auburnwater.com | AX59: ealexander@town.auburn.ma.us | AY59: erin.craft@mass.gov | BD59: =IF(ISBLANK(AD59),"",IF(AD59<TODAY(),L59,"")) -> Auburn | BE59: P-177719
A60: 44490 | B60: 9-Completed | C60: No Detect, Done | E60: 43894 | F60: 2020-01-31T14:23:57-05:00 | G60: ccf - 390378_P-171469 | H60: Access Enrichment Program | I60: LG | J60: 244 Harrison Avenue | L60: Boston | M60: 02111 | N60: Kelvin | O60: Li | P60: Office administrator | Q60: 617-426-1070 | R60: access-admin@chinatownaccess.org | S60: 244 Harrison Ave. | U60: Boston | V60: 2111 | W60: < 1988 | X60: 0-10 | Z60: 3015-dbf7-befb | AA60: 390378 | AB60: Gene | AC60: Gene Brunelle | AD60: 44156 | AE60: =AJ60+AL60+AN60 -> 6 | AF60: =AK60+AM60+AO60 -> 6 | AG60: =AE60+AF60 -> 12 | AH60: RI Analytical | AI60: 44156 | AJ60: 6 | AK60: 6 | AL60: 0 | AM60: 0 | AN60: 0 | AO60: 0 | AP60: =AJ60+AK60+AL60+AM60+AN60+AO60 -> 12 | AQ60: 1/4/2021 | AR60: Samples collected 11/21, Delivered to RI Analytical 11/23 | AS60: Y | AT60: NERO | AU60: N | AV60: 3057000 | AW60: None | AX60: rnieves@bphc.org | AY60: erin.craft@mass.gov | BD60: =IF(ISBLANK(AD60),"",IF(AD60<TODAY(),L60,"")) -> Boston
A61: 44490 | B61: 9-Completed | C61: No Detect, Done | E61: 44291 | F61: 2021-03-30T17:52:57-05:00 | G61: ccf - 2911821_P-177121 | H61: Little Discoveries, Inc. | I61: LG | J61: 522 West Chestnut Street | L61: Brockton | M61: 02301 | N61: Krystle | O61: Bocchetti | P61: Director | Q61: 774-240-1846 | R61: Littlediscoveriesinc@gmail.com | S61: 522 West Chestnut St. | U61: Brockton | V61: 2301 | W61: < 1988 | X61: 20+ | Z61: 2276-481b-08b3 | AA61: 2911821 | AB61: Gene | AC61: Gene Brunelle | AD61: 44316 | AE61: 8 | AF61: 8 | AG61: =AE61+AF61 -> 16 | AH61: RI Analytical | AI61: 44349 | AJ61: 7 | AK61: 7 | AL61: 0 | AM61: 0 | AN61: 0 | AO61: 0 | AP61: =AJ61+AK61+AL61+AM61+AN61+AO61 -> 14 | AQ61: 44351 | AS61: N | AT61: SERO | AU61: N | AV61: 4044000 | AW61: None | AX61: emondesir@cobma.us | AY61: erin.craft@mass.gov | BD61: =IF(ISBLANK(AD61),"",IF(AD61<TODAY(),L61,"")) -> Brockton | BE61: P-170205
A62: 44490 | B62: 9-Completed | C62: No Detect, Done | E62: 43895 | F62: 2020-02-10T15:57:27-05:00 | G62: ccf - 201401_P-169909 | H62: Cambridge Ellis School | I62: LG | J62: 80 Trowbridge Street | L62: Cambridge | M62: 02138 | N62: Andrew | O62: Griswold | P62: Business Manager | Q62: 617-354-0014 x115 | R62: andy@cambridge-ellis.org | S62: 80 Trowbridge St. | U62: Cambridge | V62: 02138 | W62: < 1988 | X62: 11-20 | Z62: aee1-1b41-84bb | AA62: 201401 | AB62: Gene | AC62: Gene Brunelle | AD62: 44156 | AE62: =AJ62+AL62+AN62 -> 12 | AF62: =AK62+AM62+AO62 -> 12 | AG62: =AE62+AF62 -> 24 | AH62: RI Analytical | AI62: 44156 | AJ62: 12 | AK62: 12 | AL62: 0 | AM62: 0 | AN62: 0 | AO62: 0 | AP62: =AJ62+AK62+AL62+AM62+AN62+AO62 -> 24 | AQ62: 1/4/2021 | AR62: Samples collected 11/21, Delivered to RI Analytical 11/23 | AS62: Y | AT62: NERO | AU62: N | AV62: 3314000 | AW62: tmacdonald@cambridgema.gov | AX62: bharley@challiance.org | AY62: erin.craft@mass.gov | BD62: =IF(ISBLANK(AD62),"",IF(AD62<TODAY(),L62,"")) -> Cambridge | BE62: P-177106
A63: 44490 | B63: 9-Completed | C63: Remediation | D63: Provide bottled water | E63: 44291 | F63: 2021-03-31T08:26:21-05:00 | G63: ccf - 8033214_P-187858 | H63: PTits Bouts | I63: LG | J63: 21 Walden Square Road | L63: Cambridge | M63: 02140 | N63: Ariana | O63: Coleman | P63: Campus Director | Q63: 617-302-6535 | R63: ariana.coleman@efgboston.org | S63: 21 Walden Square Rd | T63: 21 Walden Square Rd | U63: Cambridge | V63: 2140 | W63: < 1988 | X63: 20+ | Z63: 05ab-a9b9-83e7 | AA63: 201409 | AB63: Gene | AC63: Gene Brunelle | AD63: 44364 | AE63: 14 | AF63: 14 | AG63: =AE63+AF63 -> 28 | AH63: RI Analytical | AI63: 44386 | AJ63: 10 | AK63: 12 | AL63: 3 | AM63: 2 | AN63: 1 | AO63: 0 | AP63: =AJ63+AK63+AL63+AM63+AN63+AO63 -> 28 | AQ63: 44398 | AS63: N | AT63: NERO | AU63: N | AV63: 3314000 | AW63: tmacdonald@cambridgema.gov | AX63: bharley@challiance.org | AY63: erin.craft@mass.gov | BD63: =IF(ISBLANK(AD63),"",IF(AD63<TODAY(),L63,"")) -> Cambridge | BE63: P-184777
A64: 44490 | B64: 9-Completed | C64: Remediation | D64: Routine flushing | E64: 43894 | F64: 2020-01-31T10:35:04-05:00 | G64: ccf - 211381_P-170164 | H64: J.F.K. Head Start and Day Care Program | I64: LG | J64: 23A Moulton Street | L64: Charlestown | M64: 02129 | N64: Griselle | O64: Tejeda | P64: Director of Children Services | Q64: 617-241-8866 x1340 | R64: gtejeda@kennedycenter.org | S64: 23A Moulton St. | U64: Charlestown | V64: 02129 | W64: < 1988 | X64: 20+ | Z64: 3611-2ab5-176b | AA64: 211381 | AB64: Gene | AC64: Gene Brunelle | AD64: 44156 | AE64: =AJ64+AL64+AN64 -> 38 | AF64: =AK64+AM64+AO64 -> 23 | AG64: =AE64+AF64 -> 61 | AH64: RI Analytical | AI64: 44156 | AJ64: 35 | AK64: 23 | AL64: 3 | AM64: 0 | AN64: 0 | AO64: 0 | AP64: =AJ64+AK64+AL64+AM64+AN64+AO64 -> 61 | AQ64: 1/4/2021 | AR64: Samples collected 11/21, Delivered to RI Analytical 11/23 | AS64: Y | AT64: NERO | AU64: N | AV64: 3035000 | AW64: sullivanjp@bwsc.org | AX64: rnieves@bphc.org | AY64: erin.craft@mass.gov | BD64: =IF(ISBLANK(AD64),"",IF(AD64<TODAY(),L64,"")) -> Charlestown | BE64: P-169988
A65: 44490 | B65: 9-Completed | C65: No Detect, Done | E65: 44307 | F65: 2021-04-16T04:56:37-05:00 | G65: ccf - 1618566846350 | H65: BeiBei Cub Academy | I65: FCC | J65: 849 Hammond Street | L65: Chestnut Hill | M65: 02467 | N65: Wei | O65: Wang | P65: Licensee | Q65: 978-855-8888 | R65: beibeicubacademy@gmail.com | S65: 849 Hammond Street | U65: Chestnut Hill | V65: 02467 | W65: > 1988 | X65: 0-10 | AA65: T0000065 | AB65: Gene | AC65: Gene Brunelle | AD65: 44338 | AE65: 3 | AF65: 3 | AG65: =AE65+AF65 -> 6 | AH65: RI Analytical | AI65: 44358 | AJ65: 3 | AK65: 3 | AL65: 0 | AM65: 0 | AN65: 0 | AO65: 0 | AP65: =AJ65+AK65+AL65+AM65+AN65+AO65 -> 6 | AQ65: 44375 | AR65: Sites received 4/26 | AS65: N | AT65: NERO | AU65: N | AV65: 3035000 | AW65: sullivanjp@bwsc.org | AX65: rnieves@bphc.org | AY65: erin.craft@mass.gov | BD65: =IF(ISBLANK(AD65),"",IF(AD65<TODAY(),L65,"")) -> Chestnut Hill | BE65: P-169815
A66: 44490 | B66: 9-Completed | C66: Remediation | D66: Routine flushing | E66: 43895 | F66: 2020-01-15T11:23:35-05:00 | G66: ccf - 8030658_P-184787 | H66: Concord Montessori School | I66: LG | J66: 29 Domino Drive | K66: Suite 2 | L66: Concord | M66: 01742 | N66: Laurel | O66: Zolfonoon | P66: Head of School | Q66: 978-369-5900 | R66: lzolfonoon@concordmontessorischool.org | S66: 29 Domino Drive, Suite 2 | U66: Concord | V66: 01742 | W66: < 1988 | X66: 0-10 | Z66: e019-8888-1c05 | AA66: 8030658 | AB66: Gene | AD66: 44364 | AE66: 5 | AF66: 5 | AG66: =AE66+AF66 -> 10 | AH66: RI Analytical | AI66: 44386 | AJ66: 3 | AK66: 3 | AL66: 2 | AM66: 2 | AN66: 0 | AO66: 0 | AP66: =AJ66+AK66+AL66+AM66+AN66+AO66 -> 10 | AQ66: 44398 | AR66: e-mail requesting site plan, program attachments, follow up by phone wk 10/26 | AS66: N | AT66: CERO | AU66: N | AV66: 2330000 | AW66: acathcart@concordma.gov | AX66: srask@concordma.gov | AY66: erin.craft@mass.gov | BD66: =IF(ISBLANK(AD66),"",IF(AD66<TODAY(),L66,"")) -> Concord | BE66: P-170562
A67: 44490 | B67: 9-Completed | C67: Remediation | D67: Provide bottled water | E67: 43894 | F67: 2020-01-30T13:50:09-05:00 | G67: ccf - 8029093_P-183300 | H67: Harbor City School | I67: LG | J67: 196 Putnam Street | L67: East Boston | M67: 02128 | N67: Kristy | O67: Howell | P67: Co-Director | Q67: 617-418-5146 | R67: directors@harborcitykids.org | S67: 196 Putnam St. | U67: East Boston | V67: 02128 | W67: < 1988 | X67: 20+ | Z67: 303d-aff4-c08a | AA67: 8029093 | AB67: Gene | AC67: Gene Brunelle | AD67: 44156 | AE67: =AJ67+AL67+AN67 -> 6 | AF67: =AK67+AM67+AO67 -> 6 | AG67: =AE67+AF67 -> 12 | AH67: RI Analytical | AI67: 44156 | AJ67: 0 | AK67: 0 | AL67: 5 | AM67: 6 | AN67: 1 | AO67: 0 | AP67: =AJ67+AK67+AL67+AM67+AN67+AO67 -> 12 | AQ67: 1/4/2021 | AR67: Samples collected 11/21, Delivered to RI Analytical 11/23 | AS67: Y | AT67: NERO | AU67: N | AV67: 3035000 | AW67: sullivanjp@bwsc.org | AX67: rnieves@bphc.org | AY67: erin.craft@mass.gov | BD67: =IF(ISBLANK(AD67),"",IF(AD67<TODAY(),L67,"")) -> East Boston | BE67: P-170562
A68: 44490 | B68: 9-Completed | C68: Remediation | D68: Routine flushing | E68: 44291 | F68: 2021-03-30T17:55:53-05:00 | G68: ccf - 8033473_P-210877 | H68: Little Discoveries | I68: LG | J68: 474 N Bedford Road Street | L68: East Bridgewater | M68: 02333 | N68: Shaila | O68: MacDonald | P68: Director | Q68: 508-378-2493 | R68: Littlediscoverieseb@gmail.com | S68: 474 N Bedford St. | U68: East Bridgewater | V68: 2333 | W68: > 1988 | X68: 0-10 | Z68: 300e-63dd-d9a5 | AA68: T0000051 | AB68: Gene | AC68: Gene Brunelle | AD68: 44315 | AE68: 5 | AF68: 5 | AG68: =AE68+AF68 -> 10 | AH68: RI Analytical | AI68: 44349 | AJ68: 3 | AK68: 5 | AL68: 2 | AM68: 0 | AN68: 0 | AO68: 0 | AP68: =AJ68+AK68+AL68+AM68+AN68+AO68 -> 10 | AQ68: 44351 | AS68: N | AT68: SERO | AU68: N | AV68: 4083000 | AW68: None | AX68: rphilbrick@ebmass.com | AY68: erin.craft@mass.gov
A69: 44490 | B69: 9-Completed | C69: Remediation | D69: Routine flushing | E69: 43896 | F69: 2020-01-14T09:04:09-05:00 | G69: ccf - 8030609_P-184777 | H69: Loving Nest Preschool | I69: LG | J69: 562 Waverly Street | L69: Framingham | M69: 01702 | N69: Vera | O69: Linardi | P69: Director | Q69: 508-309-6729 | R69: lovingnestpreschool@gmail.com | S69: 562 Waverly St. | U69: Framingham | V69: 01702 | W69: > 1988 | X69: 0-10 | Z69: 0a15-cfa8-2b03 | AA69: 8030609 | AB69: Gene | AC69: Gene Brunelle | AD69: 44184 | AE69: =AJ69+AL69+AN69 -> 11 | AF69: =AK69+AM69+AO69 -> 10 | AG69: =AE69+AF69 -> 21 | AH69: RI Analytical | AI69: 44204 | AJ69: 10 | AK69: 10 | AL69: 1 | AM69: 0 | AN69: 0 | AO69: 0 | AP69: =AJ69+AK69+AL69+AM69+AN69+AO69 -> 21 | AQ69: 1/15/2021 | AR69: Sampling completed 12/19 | AS69: Y | AT69: NERO | AU69: N | AV69: 3100000 | AW69: None | AX69: ssw@framinghamma.gov | AY69: erin.craft@mass.gov | BD69: =IF(ISBLANK(AD69),"",IF(AD69<TODAY(),L69,"")) -> Framingham
A70: 44490 | B70: 9-Completed | C70: Remediation | D70: Provide bottled water | E70: 43895 | F70: 2020-01-21T14:18:39-05:00 | G70: ccf - 1579633805415 | H70: Framingham Centre Nursery School | I70: LG | J70: 24 Vernon Street | L70: Framingham | M70: 01701 | N70: Angela | O70: Elkins | P70: Director of Learning and Teaching | Q70: 508-875-8260 | R70: aelkins@fcnsma.org | S70: 24 Vernon St | U70: Framingham | V70: 01701 | W70: < 1988 | X70: 20+ | Z70: 2570-f335-e6e7 | AA70: 200410 | AB70: Gene | AC70: Gene Brunelle | AD70: 44184 | AE70: =AJ70+AL70+AN70 -> 10 | AF70: =AK70+AM70+AO70 -> 10 | AG70: =AE70+AF70 -> 20 | AH70: RI Analytical | AI70: 44204 | AJ70: 0 | AK70: 4 | AL70: 9 | AM70: 6 | AN70: 1 | AO70: 0 | AP70: =AJ70+AK70+AL70+AM70+AN70+AO70 -> 20 | AQ70: 1/15/2021 | AR70: Sampling completed 12/19 | AS70: Y | AT70: NERO | AU70: N | AV70: 3100000 | AW70: None | AX70: ssw@framinghamma.gov | AY70: erin.craft@mass.gov | BD70: =IF(ISBLANK(AD70),"",IF(AD70<TODAY(),L70,"")) -> Framingham | BE70: P-177121
A71: 44490 | B71: 9-Completed | C71: Remediation | D71: Turn off contaminated outlets | E71: 43896 | F71: 2020-01-28T11:50:09-05:00 | G71: sch - 08780605 | H71: Tri-County Regional Vocational Technical | I71: sch | J71: 147 Pond Street | L71: Franklin | M71: 02038 | N71: Harry | O71: Takesian | P71: Director Facilities Management | Q71: 508-528-5400 | R71: takesian@tri-county.us | S71: 147 Pond St. | U71: Franklin | V71: 02038 | W71: < 1988 | X71: 20+ | Z71: 1807-ad2f-61d0 | AA71: 08780605 | AB71: Gene | AC71: Gene Brunelle | AD71: 44261 | AE71: =AJ71+AL71+AN71 -> 73 | AF71: =AK71+AM71+AO71 -> 65 | AG71: =AE71+AF71 -> 138 | AH71: RI Analytical | AJ71: 18 | AK71: 34 | AL71: 47 | AM71: 28 | AN71: 8 | AO71: 3 | AP71: =AJ71+AK71+AL71+AM71+AN71+AO71 -> 138 | AQ71: 44300 | AR71: Sampled 3/6/2021 | AS71: N | AT71: CERO | AU71: N | AV71: 2101000 | AW71: domartin@franklinma.gov | AX71: https://www.franklinma.gov/user/6413/contact | AY71: ruth.e.hersh@mass.gov | BD71: =IF(ISBLANK(AD71),"",IF(AD71<TODAY(),L71,"")) -> Franklin | BE71: P-185853
A72: 44490 | B72: 9-Completed | C72: Remediation | D72: Provide bottled water | E72: 44210 | F72: 2021-01-11T13:17:24-05:00 | G72: ccf - 212416_P-170543 | H72: MOC Child Care & Head Start Services - Garrison Ctr. for ECE | I72: LG | J72: 444 Green Street | L72: Gardner | M72: 01440 | N72: Laura | O72: Cameron | P72: Education Specialist | Q72: 978-630-9494 | R72: lcameron@mocinc.org | S72: 444 Green St. | U72: Gardner | V72: 01440 | W72: > 1988 | X72: 11-20 | AA72: 212416 | AB72: Gene | AC72: Gene Brunelle | AD72: 44394 | AE72: 13 | AF72: 13 | AG72: =AE72+AF72 -> 26 | AH72: RI Analytical | AI72: 44418 | AJ72: 9 | AK72: 8 | AL72: 2 | AM72: 4 | AN72: 2 | AO72: 1 | AP72: =AJ72+AK72+AL72+AM72+AN72+AO72 -> 26 | AQ72: 44428 | AR72: Sampling 7/16/21 | AS72: N | AT72: CERO | AU72: N | AV72: 2103000 | AW72: matthew.lapointe@suez-na.com | AX72: lsaunders@gardner-ma.gov | AY72: erin.craft@mass.gov | BD72: =IF(ISBLANK(AD72),"",IF(AD72<TODAY(),L72,"")) -> Gardner
A73: 44490 | B73: 9-Completed | C73: Remediation | D73: Routine flushing | E73: 43896 | F73: 2020-02-10T14:51:47-05:00 | G73: ccf - 200592_P-169530 | H73: Sunshine Preschool | I73: LG | J73: 1 Briarcliff Drive | L73: Hopkinton | M73: 01748 | N73: Liz | O73: Dacey | P73: Director | Q73: 508-435-5477 | R73: DIRECTOR@SUNSHINEMA.COM | S73: 1 Briarcliff Drive | U73: Hopkinton | V73: 01748 | W73: < 1988 | X73: 11-20 | Z73: adfc-faf8-3032 | AA73: 200592 | AB73: Gene | AC73: Gene Brunelle | AD73: 44177 | AE73: =AJ73+AL73+AN73 -> 4 | AF73: =AK73+AM73+AO73 -> 3 | AG73: =AE73+AF73 -> 7 | AH73: RI Analytical | AI73: 44204 | AJ73: 0 | AK73: 2 | AL73: 4 | AM73: 1 | AN73: 0 | AO73: 0 | AP73: =AJ73+AK73+AL73+AM73+AN73+AO73 -> 7 | AQ73: 1/15/2021 | AR73: Sampling completed 12/12, Deliuvered to RI Analytical 12/15 | AS73: N | AT73: CERO | AU73: N | AV73: 2139000 | AW73: ericc@hopkintonma.gov | AX73: smcauliffe@hopkintonma.gov | AY73: erin.craft@mass.gov | BD73: =IF(ISBLANK(AD73),"",IF(AD73<TODAY(),L73,"")) -> Hopkinton | BE73: P-169788
A74: 44476 | B74: 9-Completed | C74: No Detect, Done | E74: 44298 | F74: 2021-04-05T11:37:23-05:00 | G74: ccf - 1617640531614 | H74: Beginning Steps | I74: FCC | J74: 66 Bailey Street | K74: 1Fl | L74: Lawrence | M74: 01843 | N74: Monica | O74: Cabral | P74: Provider | Q74: 978-390-2482 | R74: beginningsteps17@gmail.com | S74: 66 Bailey Street | T74: 1Floor | U74: South Lawrence | V74: 1843 | W74: > 1988 | X74: 0-10 | Z74: 9d87-336c-98b2 | AA74: T0000061 | AB74: Bob | AC74: Bob Hoyt | AD74: 44348 | AE74: 3 | AF74: 3 | AG74: =AE74+AF74 -> 6 | AH74: RI Analytical | AI74: 44371 | AJ74: 3 | AK74: 3 | AL74: 0 | AM74: 0 | AN74: 0 | AO74: 0 | AP74: =AJ74+AK74+AL74+AM74+AN74+AO74 -> 6 | AQ74: 44372 | AS74: N | AT74: NERO | AU74: N | AV74: 3149000 | AW74: None | AX74: marmano@cityoflawrence.com | AY74: erin.craft@mass.gov | BD74: =IF(ISBLANK(AD74),"",IF(AD74<TODAY(),L74,"")) -> Lawrence | BE74: P-171110
A75: 44490 | B75: 9-Completed | C75: No Detect, Done | E75: 44046 | F75: 2020-03-20T14:17:06-05:00 | G75: ccf - 2912180_P-177416 | H75: The Northwest Child Development Center | I75: LG | J75: 194 Arlington Street | L75: Leominster | M75: 01453 | N75: Samantha | O75: St John | P75: Center Director | Q75: 978-534-5163 | R75: director@northwestchilddevelopment.com | S75: 194 Arlington St. | U75: Leominster | V75: 01453 | W75: < 1988 | X75: 20+ | Z75: 9a19-aafe-2ece | AA75: 2912180 | AB75: Gene | AC75: Gene Brunelle | AD75: 44267 | AE75: 10 | AF75: 10 | AG75: =AE75+AF75 -> 20 | AH75: RI Analytical | AI75: 44287 | AJ75: 9 | AK75: 9 | AL75: 0 | AM75: 1 | AN75: 1 | AO75: 0 | AP75: =AJ75+AK75+AL75+AM75+AN75+AO75 -> 20 | AQ75: 44291 | AR75: Sampled 3/12/2021 | AS75: N | AT75: CERO | AU75: N | AV75: 2153000 | AW75: rracine@dpw.leominster-ma.gov | AX75: cknuth@leominster-ma.gov | AY75: erin.craft@mass.gov | BD75: =IF(ISBLANK(AD75),"",IF(AD75<TODAY(),L75,"")) -> Leominster | BE75: P-169449
A76: 44490 | B76: 9-Completed | C76: Remediation | D76: Routine flushing | E76: 43896 | F76: 2020-02-13T11:01:33-05:00 | G76: ccf - 8031418_P-185530 | H76: Pitter Patter Academy, Inc. | I76: LG | J76: 148 Merrimack Street | L76: Methuen | M76: 01844 | N76: Sherri | O76: DeLucca | P76: Director | Q76: 978-686-6595 | R76: sherridelucca@pitterpatteracademy.com | S76: 148 Merrimack St. | U76: Methuen | V76: 01844 | W76: > 1988 | X76: 11-20 | Z76: b333-fc7f-9c84 | AA76: 8031418 | AB76: Gene | AC76: Gene Brunelle | AD76: 44366 | AE76: 10 | AF76: 10 | AG76: =AE76+AF76 -> 20 | AH76: RI Analytical | AI76: 44386 | AJ76: 8 | AK76: 10 | AL76: 2 | AM76: 0 | AN76: 0 | AO76: 0 | AP76: =AJ76+AK76+AL76+AM76+AN76+AO76 -> 20 | AQ76: 44398 | AR76: e-mail requesting site plan, program attachments, follow up by phone wk 10/26 | AS76: N | AT76: NERO | AU76: N | AV76: 3181000 | AW76: None | AX76: fzemel@ci.methuen.ma.us | AY76: erin.craft@mass.gov
A77: 44490 | B77: 9-Completed | C77: Remediation | D77: Routine flushing | E77: 44315 | F77: 2021-04-27T06:23:15-05:00 | G77: ccf - 8032021_P-185897 | H77: Country Kids Child Care LLC | I77: LG | J77: 114 Cross Street | L77: Methuen | M77: 01844 | N77: Amy | O77: Conant-Greene | P77: Owner/Director | Q77: 978-417-9329 | R77: amy@countrykidschildcarellc.com | S77: 67 Merrimac Rd | U77: Haverhill | V77: 01830 | W77: < 1988 | X77: 11-20 | Z77: 8bcc-b33f-c9d5 | AA77: 8032021 | AB77: Gene | AC77: Gene Brunellle | AD77: 44366 | AE77: 5 | AF77: 5 | AG77: =AE77+AF77 -> 10 | AH77: RI Analytical | AI77: 44386 | AJ77: 5 | AK77: 5 | AL77: 0 | AM77: 0 | AN77: 0 | AO77: 0 | AP77: =AJ77+AK77+AL77+AM77+AN77+AO77 -> 10 | AQ77: 44397 | AR77: Contact email 5/12 | AS77: N | AT77: NERO | AU77: N | AV77: 3181000 | AW77: None | AX77: fzemel@ci.methuen.ma.us | AY77: erin.craft@mass.gov | BD77: =IF(ISBLANK(AD77),"",IF(AD77<TODAY(),L77,"")) -> Methuen | BE77: P-171469
A78: 44490 | B78: 9-Completed | C78: Remediation | D78: Routine flushing | E78: 44046 | F78: 2020-07-21T11:56:00-05:00 | G78: ccf - 2912368_P-177534 | H78: Little Stars Daycare | I78: LG | J78: 229 Purchase Street | L78: Milford | M78: 01757 | N78: Alexandrea | O78: Iannitelli | P78: Daycare Director | Q78: 508-381-3837 | R78: alex.Iannitelli@gmail.com | S78: 229 Purchase St. | U78: Milford | V78: 1757 | W78: < 1988 | X78: 20+ | Z78: d76e-2081-7c0f | AA78: 2912368 | AB78: Gene | AC78: Gene Brunelle | AD78: 44177 | AE78: =AJ78+AL78+AN78 -> 11 | AF78: =AK78+AM78+AO78 -> 8 | AG78: =AE78+AF78 -> 19 | AH78: RI Analytical | AI78: 44204 | AJ78: 6 | AK78: 8 | AL78: 4 | AM78: 0 | AN78: 1 | AO78: 0 | AP78: =AJ78+AK78+AL78+AM78+AN78+AO78 -> 19 | AQ78: 44211 | AR78: Sampling completed 12/12, Deliverd to RI Analytical 12/15 | AS78: N | AT78: CERO | AU78: N | AV78: 2185000 | AW78: dcondrey@milfordwater.com | AX78: jmurphy@townofmilford.com | AY78: erin.craft@mass.gov | BD78: =IF(ISBLANK(AD78),"",IF(AD78<TODAY(),L78,"")) -> Milford
A79: 44490 | B79: 9-Completed | C79: Remediation | D79: Routine flushing | E79: 43986 | F79: 2020-05-14T07:31:39-05:00 | G79: ccf - 1589459467811 | H79: Pakachoag Acres Millbury | I79: LG | J79: 308 Millbury Avenue | L79: Millbury | M79: 01527 | N79: Joe | O79: Martin | P79: Executive Director | Q79: 774-696-4821 | R79: joe@pakachoag.net | S79: 398 Milbury Ave. | U79: Millbury | V79: 01527 | W79: > 1988 | X79: 20+ | Z79: cfed-4f3a-794a | AA79: 211568 | AB79: Gene | AC79: Gene Brunelle | AD79: 44177 | AE79: =AJ79+AL79+AN79 -> 27 | AF79: =AK79+AM79+AO79 -> 22 | AG79: =AE79+AF79 -> 49 | AH79: RI Analytical | AI79: 44204 | AJ79: 21 | AK79: 22 | AL79: 6 | AM79: 0 | AN79: 0 | AO79: 0 | AP79: =AJ79+AK79+AL79+AM79+AN79+AO79 -> 49 | AQ79: 44211 | AR79: Sampling completed 12/12, Delivered to RI Analytical 12/15 | AS79: N | AT79: CERO | AU79: N | AV79: 2186000 | AW79: solson@aquarionwater.com | AX79: millburyboh@townofmillbury.net | AY79: erin.craft@mass.gov | BD79: =IF(ISBLANK(AD79),"",IF(AD79<TODAY(),L79,"")) -> Millbury
A80: 44490 | B80: 9-Completed | C80: Remediation | D80: Routine flushing | E80: 44293 | F80: 2021-04-02T10:16:01-05:00 | G80: ccf - 1617376555279 | H80: PACE Head Start Smith | I80: LG | J80: 247 Smith Street | L80: New Bedford | M80: 02740 | N80: Tara | O80: DeMello | P80: Health Services Manager | Q80: 508-999-1286 | R80: tdemello@paceheadstart.org | S80: 32 Madison St. | U80: New Bedford | V80: 2740 | W80: < 1988 | X80: 20+ | AA80: 212650 | AB80: Gene | AC80: Gene Brunelle | AD80: 44336 | AE80: 23 | AF80: 23 | AG80: =AE80+AF80 -> 46 | AH80: RI Analytical | AI80: 44358 | AJ80: 13 | AK80: 22 | AL80: 8 | AM80: 1 | AN80: 2 | AO80: 0 | AP80: =AJ80+AK80+AL80+AM80+AN80+AO80 -> 46 | AQ80: 44376 | AS80: N | AT80: SERO | AU80: N | AV80: 4201000 | AW80: ymane.galotti@newbedford-ma.gov | AX80: damon.chaplin@newbedford-ma.gov | AY80: erin.craft@mass.gov | BD80: =IF(ISBLANK(AD80),"",IF(AD80<TODAY(),L80,"")) -> New Bedford | BE80: P-170521
A81: 44490 | B81: 9-Completed | C81: Remediation | D81: Routine flushing | E81: 43986 | F81: 2020-05-15T08:39:54-05:00 | G81: ccf - 1589549892303 | H81: Circle of Friends Montessori School | I81: LG | J81: 107 Adamsdale Road | L81: North Attleboro | M81: 02760 | N81: Michelle | O81: Landry | P81: Owner | Q81: 508-761-5151 | R81: circleoffriendsmontessori@gmail.com | S81: 107 Adamsdale Rd | U81: North Attleborough | V81: 02760 | W81: < 1988 | X81: 20+ | Z81: f8bb-9575-163e | AA81: T0000043 | AB81: Gene | AC81: Gene Brunelle | AD81: 44177 | AE81: =AJ81+AL81+AN81 -> 2 | AF81: =AK81+AM81+AO81 -> 2 | AG81: =AE81+AF81 -> 4 | AH81: RI Analytical | AI81: 44204 | AJ81: 1 | AK81: 2 | AL81: 1 | AM81: 0 | AN81: 0 | AO81: 0 | AP81: =AJ81+AK81+AL81+AM81+AN81+AO81 -> 4 | AQ81: 44211 | AR81: Sampling completed 12/12, Deliuvered to RI Analytical 12/15 | AS81: N | AT81: SERO | AU81: N | AV81: 4211000 | AW81: wwanberg@nattleboro.com | AX81: amfleming@north-attleboro.ma.us | AY81: erin.craft@mass.gov | BD81: =IF(ISBLANK(AD81),"",IF(AD81<TODAY(),L81,"")) -> North Attleboro | BE81: P-170129
A82: 44490 | B82: 9-Completed | C82: Remediation | D82: Routine flushing | E82: 43894 | F82: 2020-02-13T12:53:20-05:00 | G82: ccf - 201838_P-170124 | H82: Village Preschool | I82: LG | J82: 25 Cummins Highway | L82: Roslindale | M82: 02131 | N82: Lorelle | O82: Arpino | P82: Director | Q82: 617-323-5141 | R82: vpsroslindale@outlook.com | S82: 25 Cummins Highway | U82: Roslindale | V82: 02131 | W82: < 1988 | X82: 20+ | Z82: 3b21-edb7-a7c3 | AA82: 201838 | AB82: Gene | AC82: Gene Brunelle | AD82: 44296 | AE82: 18 | AF82: 18 | AG82: =AE82+AF82 -> 36 | AH82: RI Analytical | AI82: yes | AJ82: 11 | AK82: 17 | AL82: 7 | AM82: 1 | AN82: 0 | AO82: 0 | AP82: =AJ82+AK82+AL82+AM82+AN82+AO82 -> 36 | AQ82: 44320 | AR82: preparing sample package for sample collection | AS82: Y | AT82: NERO | AU82: N | AV82: 3035000 | AW82: sullivanjp@bwsc.org | AX82: rnieves@bphc.org | AY82: erin.craft@mass.gov | BD82: =IF(ISBLANK(AD82),"",IF(AD82<TODAY(),L82,"")) -> Roslindale | BE82: P-169437
A83: 44490 | B83: 9-Completed | C83: Remediation | D83: Routine flushing | E83: 43895 | F83: 2020-01-23T17:46:27-05:00 | G83: ccf - 8029897_P-184061 | H83: Tree House Academy Child Care, Inc. | I83: LG | J83: 65 Beacon Street | L83: Somerville | M83: 02143 | N83: Mara | O83: Coelho | P83: Director | Q83: 617-868-3800 | R83: mara.coelho@ymail.com | S83: 435 Washington St. | U83: Somerville | V83: 02143 | W83: > 1988 | X83: 0-10 | Z83: 0395-3752-2961 | AA83: 8029897 | AB83: Gene | AC83: Gene Brunelle | AD83: 44296 | AE83: 10 | AF83: 10 | AG83: =AE83+AF83 -> 20 | AH83: RI Analytical | AI83: 44314 | AJ83: 6 | AK83: 6 | AL83: 0 | AM83: 0 | AN83: 0 | AO83: 0 | AP83: =AJ83+AK83+AL83+AM83+AN83+AO83 -> 12 | AQ83: 44320 | AR83: Received Site Plan spoke with Mara Cohelo to clarify sites | AS83: Y | AT83: NERO | AU83: N | AV83: 3274000 | AW83: water@somervillema.gov | AX83: health_webcontact@somervillema.gov | AY83: erin.craft@mass.gov | BD83: =IF(ISBLANK(AD83),"",IF(AD83<TODAY(),L83,"")) -> Somerville | BE83: P-170404
A84: 44490 | B84: 9-Completed | C84: No Detect, Done | E84: 43895 | F84: 2020-01-23T17:49:18-05:00 | G84: ccf - 2912297_P-177490 | H84: Tree House Academy Child Care Inc. | I84: LG | J84: 435 Washington Street | L84: Somerville | M84: 02143 | N84: Mara | O84: Coelho | P84: Director | Q84: 617-868-3800 | R84: mara.coelho@ymail.com | S84: 65 Beacon St | U84: Somerville | V84: 02143 | W84: > 1988 | X84: 0-10 | Z84: 0395-3752-2961 | AA84: 2912297 | AB84: Gene | AC84: Gene Brunelle | AD84: 44296 | AE84: 6 | AF84: 6 | AG84: =AE84+AF84 -> 12 | AH84: RI Analytical | AI84: 44314 | AJ84: 10 | AK84: 10 | AL84: 0 | AM84: 0 | AN84: 0 | AO84: 0 | AP84: =AJ84+AK84+AL84+AM84+AN84+AO84 -> 20 | AQ84: 44320 | AR84: Received Site Plan spoke with Mara Cohelo to clarify sites | AS84: Y | AT84: NERO | AU84: N | AV84: 3274000 | AW84: water@somervillema.gov | AX84: health_webcontact@somervillema.gov | AY84: erin.craft@mass.gov | BD84: =IF(ISBLANK(AD84),"",IF(AD84<TODAY(),L84,"")) -> Somerville | BE84: P-185570
A85: 44490 | B85: 9-Completed | C85: Remediation | D85: Provide bottled water | E85: 43895 | F85: 2020-01-18T09:31:43-05:00 | G85: ccf - 201425_P-169923 | H85: Open Center for Children | I85: LG | J85: 155 Powder House Boulevard | L85: Somerville | M85: 02144 | N85: Nathan | O85: Scott | P85: Maintenance Committee Chairperson | Q85: 413-822-5821 | R85: nathanjscott@gmail.com | S85: 155 Powder House Blvd | T85: Open Center for Children | U85: Somerville | V85: 02144 | W85: < 1988 | X85: 20+ | Z85: 84f6-1f4a-09b6 | AA85: 201425 | AB85: Gene | AC85: Gene Brunelle | AD85: 44296 | AE85: 3 | AF85: 3 | AG85: =AE85+AF85 -> 6 | AH85: RI Analytical | AI85: 44314 | AJ85: 0 | AK85: 0 | AL85: 3 | AM85: 3 | AN85: 0 | AO85: 0 | AP85: =AJ85+AK85+AL85+AM85+AN85+AO85 -> 6 | AQ85: 44320 | AR85: Left Nathan Scott message regarding submission of site plan | AS85: Y | AT85: NERO | AU85: N | AV85: 3274000 | AW85: water@somervillema.gov | AX85: health_webcontact@somervillema.gov | AY85: erin.craft@mass.gov | BD85: =IF(ISBLANK(AD85),"",IF(AD85<TODAY(),L85,"")) -> Somerville | BE85: P-170124
A86: 44490 | B86: 9-Completed | C86: Remediation | D86: Routine flushing | E86: 44295 | F86: 2021-04-05T10:02:16-05:00 | G86: ccf - 211688_P-170209 | H86: Country Montessori Preschool of Sutton | I86: LG | J86: PO Box 547 | K86: 30 Burbank Road | L86: Sutton | M86: 01590 | N86: Laura | O86: Katragjini | P86: Owner/Director | Q86: 508-865-4223 | R86: countrymontessoriinc@gmail.com | S86: 30 Burbank Road | T86: PO Box 547 | U86: Sutton | V86: 1590 | W86: < 1988 | X86: 20+ | Z86: 2195-976a-f97e | AA86: T0000059 | AB86: Gene | AC86: Gene Brunelle | AD86: 44393 | AE86: 9 | AF86: 9 | AG86: =AE86+AF86 -> 18 | AH86: RI Analytical | AI86: 44418 | AJ86: 4 | AK86: 9 | AL86: 5 | AM86: 0 | AN86: 0 | AO86: 0 | AP86: =AJ86+AK86+AL86+AM86+AN86+AO86 -> 18 | AQ86: 44428 | AR86: Sampling 7/15/21 | AS86: N | AT86: CERO | AU86: Y | AV86: 2290029 | AW86: lucylukason@aol.com | AX86: c.rawinski@town.sutton.ma.us | AY86: erin.craft@mass.gov | BD86: =IF(ISBLANK(AD86),"",IF(AD86<TODAY(),L86,"")) -> Sutton | BE86: P-187007
A87: 44490 | B87: 9-Completed | C87: Remediation | D87: Routine flushing | E87: 43895 | F87: 2020-02-05T11:14:28-05:00 | G87: ccf - 8033132_P-187751 | H87: Open Wings Child Care Center | I87: LG | J87: 465 Mt. Auburn Street | L87: Watertown | M87: 02472 | N87: Arpie | O87: Ashjian | P87: Director/Founder | Q87: 617-780-6032 | R87: arpie@openwingschildcare.com | S87: 465 Mt. Auburn St. | U87: Watertown | V87: 02472 | W87: < 1988 | X87: 0-10 | Z87: 14bf-37fb-098a | AA87: 8033132 | AB87: Gene | AC87: Gene Brunelle | AD87: 44296 | AE87: 15 | AF87: 15 | AG87: =AE87+AF87 -> 30 | AH87: RI Analytical | AI87: yes | AJ87: 8 | AK87: 9 | AL87: 7 | AM87: 6 | AN87: 0 | AO87: 0 | AP87: =AJ87+AK87+AL87+AM87+AN87+AO87 -> 30 | AQ87: 44330 | AR87: Spoke to Arpie Ashjian. She will identify sites and submit map | AS87: Y | AT87: NERO | AU87: N | AV87: 3314000 | AW87: jmee@watertown-ma.gov | AX87: lramdin@watertown-ma.gov | AY87: erin.craft@mass.gov | BD87: =IF(ISBLANK(AD87),"",IF(AD87<TODAY(),L87,"")) -> Watertown | BE87: P-177421
A88: 44490 | B88: 9-Completed | C88: Remediation | D88: Routine flushing | E88: 43896 | F88: 2020-01-20T15:01:25-05:00 | G88: ccf - 8032311_P-186321 | H88: Next Generation Childrens Center of Westford, LLC | I88: LG | J88: 9 Powers Road | L88: Westford | M88: 01886 | N88: Debra | O88: Taylor | P88: Director | Q88: 978-692-1030 | R88: dtrwestford@ngccenters.com | S88: 9 Powers Rd | U88: Westford | V88: 01886 | W88: > 1988 | X88: 20+ | Z88: eac4-8683-aaf6 | AA88: 8032311 | AB88: Gene | AC88: Gene Brunelle | AD88: 44268 | AE88: 36 | AF88: 36 | AG88: =AE88+AF88 -> 72 | AH88: RI Analytical | AI88: 44287 | AJ88: 22 | AK88: 35 | AL88: 13 | AM88: 1 | AN88: 1 | AO88: 0 | AP88: =AJ88+AK88+AL88+AM88+AN88+AO88 -> 72 | AQ88: 44320 | AR88: Sampled 3/13/2021 | AS88: N | AT88: NERO | AU88: N | AV88: 3330000 | AW88: mwarren@westfordma.gov | AX88: jstephens@westfordma.gov | AY88: erin.craft@mass.gov | BD88: =IF(ISBLANK(AD88),"",IF(AD88<TODAY(),L88,"")) -> Westford | BE88: P-171110
A89: 44490 | B89: 9-Completed | C89: Remediation | D89: Routine flushing | E89: 44386 | F89: 2021-07-06T09:55:48-05:00 | G89: sch - 1625583227883 | H89: Nurtury Learning Lab | I89: LG | J89: 33 Bickford Street | L89: Jamaica Plain | M89: 2130 | N89: George | O89: Pereira | P89: Director of Properties | Q89: 617-828-9987 | R89: gpereira@nurturyboston.org | S89: 2201 Washington st suite 306 | U89: Boston | V89: 2119 | W89: > 1988 | X89: 20+ | AA89: 201013 | AB89: Gene | AC89: Gene Brunelle | AD89: 44408 | AE89: 29 | AF89: 29 | AG89: =AE89+AF89 -> 58 | AH89: RI Analytical | AI89: 44481 | AJ89: 26 | AK89: 29 | AL89: 3 | AM89: 0 | AN89: 0 | AO89: 0 | AP89: =AJ89+AK89+AL89+AM89+AN89+AO89 -> 58 | AQ89: 44484 | AR89: Sampled 7/31/21 | AS89: Y | AT89: NERO | AU89: N | AV89: 3035000 | AW89: sullivanjp@bwsc.org | AX89: rnieves@bphc.org | AY89: erin.craft@mass.gov
A90: 44490 | B90: 9-Completed | C90: Remediation | D90: Routine flushing | E90: 44292 | F90: 2021-04-01T17:12:12-05:00 | G90: ccf - 200779_P-169659 | H90: Six Acres Nursery School | I90: LG | J90: 475 Winthrop Street | L90: Medford | M90: 02155 | N90: Jacqueline | O90: Duffy | P90: School Administrator | Q90: 781-391-2220 | R90: Director@sixacresnursery.com | S90: 475 Winthrop St | U90: Medford | V90: 2155 | W90: < 1988 | X90: 20+ | Z90: 2dc6-ec4e-6989 | AA90: 200779 | AB90: Gene | AC90: Gene Brunelle | AD90: 44427 | AE90: 8 | AF90: 8 | AG90: =AE90+AF90 -> 16 | AH90: RI Analytical | AI90: 44481 | AJ90: 2 | AK90: 8 | AL90: 6 | AM90: 0 | AN90: 0 | AO90: 0 | AP90: =AJ90+AK90+AL90+AM90+AN90+AO90 -> 16 | AQ90: 44484 | AR90: Samples to RI Analytical 8/24/21 | AS90: Y | AT90: NERO | AU90: N | AV90: 3176000 | AW90: dproctor@medford-ma.gov | AX90: moconnor@medford-ma.gov | AY90: erin.craft@mass.gov | BD90: =IF(ISBLANK(AD90),"",IF(AD90<TODAY(),L90,"")) -> Medford | BE90: P-184273
A91: 44490 | B91: 9-Completed | C91: Remediation | D91: Routine flushing | E91: 44397 | F91: 2021-07-15T23:17:38-05:00 | G91: ccf - 1626408739073 | H91: Robin’s Family Daycare | I91: FCC | J91: 69 12th Avenue | L91: Brockton | M91: 02302 | N91: Robin | O91: Mcgregor | P91: Daycare provider | Q91: 857-266-7394 | R91: Robin8667@hotmail.com | S91: 69 12th ave | U91: Brockton | V91: 02302 | W91: < 1988 | X91: 0-10 | Z91: 1944-4a9e-8b0a | AA91: T0000076 | AB91: Kate | AC91: Robin Mcgregor | AD91: 44437 | AE91: 3 | AF91: 3 | AG91: =AE91+AF91 -> 6 | AH91: RI Analytical | AI91: 44481 | AJ91: 2 | AK91: 3 | AL91: 1 | AM91: 0 | AN91: 0 | AO91: 0 | AP91: =AJ91+AK91+AL91+AM91+AN91+AO91 -> 6 | AQ91: 44489 | AR91: Has everything; expecting to collect Saturday | AS91: N | AT91: SERO | AU91: Y | AV91: 4044000 | AW91: none | AX91: emondesir@cobma.us | AY91: erin.craft@mass.gov | BD91: =IF(ISBLANK(AD91),"",IF(AD91<TODAY(),L91,"")) -> Brockton | BE91: P-169805
A92: 44490 | B92: 9-Completed | C92: Remediation | D92: Routine flushing | E92: 44292 | F92: 2021-03-31T14:43:53-05:00 | G92: ccf - 1617219488205 | H92: My little sunshine Family Childcare | I92: FCC | J92: 393 Meridian Street | K92: Apt 1 | L92: East Boston | M92: 02128 | N92: Rocio | O92: Herrera-Ortiz | P92: Educator | Q92: 617-970-6085 | R92: mylittlesunshinefcc@gmail.com | S92: 393 Meridian St, Apt 1 | U92: East Boston | V92: 2139 | W92: < 1988 | X92: 0-10 | Z92: c4f0-5161-50c0 | AA92: 702160 | AB92: Kate | AC92: Rocio Herrarra- Ortiz | AD92: 44433 | AE92: 2 | AF92: 2 | AG92: =AE92+AF92 -> 4 | AH92: RI Analytical | AI92: 44481 | AJ92: 1 | AK92: 2 | AL92: 1 | AM92: 0 | AN92: 0 | AO92: 0 | AP92: =AJ92+AK92+AL92+AM92+AN92+AO92 -> 4 | AQ92: 44489 | AR92: In que for analization- RI Analytical | AS92: Y | AT92: NERO | AU92: N | AV92: 3035000 | AW92: sullivanjp@bwsc.org | AX92: rnieves@bphc.org | AY92: erin.craft@mass.gov | BD92: =IF(ISBLANK(AD92),"",IF(AD92<TODAY(),L92,"")) -> East Boston | BE92: P-169636
A93: 44490 | B93: 9-Completed | C93: No Detect, Done | E93: 44417 | F93: 2021-07-20T14:43:24-05:00 | G93: ccf - 1626809756759 | H93: Cape Cod Kids | I93: FCC | J93: 16 Anthony Drive | L93: Hyannis | M93: 02601 | N93: Billiejo | O93: Huffam | P93: Daycare provider | Q93: 508-360-3070 | R93: 2beejo@gmail.com | S93: 16 Anthony Drive | U93: Hyannis | V93: 02601 | W93: > 1988 | X93: 11-20 | Z93: a5d7-94b2-f999 | AA93: 7025488 | AB93: Kate | AC93: BilliejoHuffan | AD93: 44448 | AE93: 4 | AF93: 4 | AG93: 8 | AH93: RI Analytical | AI93: 44481 | AJ93: 3 | AK93: 3 | AL93: 0 | AM93: 0 | AN93: 0 | AO93: 0 | AP93: =AJ93+AK93+AL93+AM93+AN93+AO93 -> 6 | AQ93: 44489 | AR93: got bottles, | AS93: N | AT93: SERO | AU93: N | AV93: 4020004 | AW93: none | AX93: Thomas.McKean@town.barnstable.ma.us | AY93: erin.craft@mass.gov
A94: 44490 | B94: 8-Results Sent | E94: 44358 | F94: 2021-06-03T13:48:14-05:00 | G94: ccf - 390710_P-171530 | H94: Kids Place | I94: LG | J94: 77 Kennedy Drive | L94: Malden | M94: 02148 | N94: Jianie | O94: Michel | P94: Director | Q94: 781-321-9784 | R94: kidsplace@freedomhill.church | S94: 77 Kennedy Drive | U94: Malden | V94: 02148 | W94: < 1988 | X94: 20+ | Z94: 63ec-0509-3a6f | AA94: 390710 | AB94: Bob | AC94: Bob Hoyt | AD94: 44369 | AE94: 14 | AF94: 14 | AG94: =AE94+AF94 -> 28 | AH94: RI Analytical | AI94: 44386 | AJ94: 7 | AK94: 12 | AL94: 7 | AM94: 2 | AN94: 0 | AO94: 0 | AP94: =AJ94+AK94+AL94+AM94+AN94+AO94 -> 28 | AQ94: 44398 | AS94: Y | AT94: NERO | AU94: Y | AV94: 3165000 | AW94: boh@cityofmalden.org | AX94: gstead@cityofmalden.org | AY94: erin.craft@mass.gov | BD94: =IF(ISBLANK(AD94),"",IF(AD94<TODAY(),L94,"")) -> Malden
A95: 44398 | B95: 8-Results Sent | C95: Replacement | D95: Replace fixtures | E95: 44358 | F95: 2021-05-27T13:22:13-05:00 | G95: ccf - 1622139662435 | H95: Graceworks Childcare | I95: LG | J95: 160 High Street | L95: Medford | M95: 02155 | N95: Laurie | O95: Marr | P95: Assist.Director | Q95: 781-306-0060 | R95: laurie@graceworkschildcare.org | S95: 160 High Street | U95: Medford | V95: 02155 | W95: < 1988 | X95: 20+ | Z95: c89e-9f72-4e38 | AA95: 2911923 | AB95: Bob | AC95: Bob Hoyt | AD95: 44369 | AE95: 10 | AF95: 10 | AG95: =AE95+AF95 -> 20 | AH95: RI Analytical | AI95: 44386 | AJ95: 2 | AK95: 10 | AL95: 7 | AM95: 0 | AN95: 1 | AO95: 0 | AP95: =AJ95+AK95+AL95+AM95+AN95+AO95 -> 20 | AQ95: 44398 | AS95: Y | AT95: NERO | AU95: Y | AV95: 3176000 | AW95: dproctor@medford-ma.gov | AX95: moconnor@medford-ma.gov | AY95: erin.craft@mass.gov | BD95: =IF(ISBLANK(AD95),"",IF(AD95<TODAY(),L95,"")) -> Medford | BE95: P-169923
A96: 44371 | B96: 8-Results Sent | E96: 44298 | F96: 2021-04-06T05:49:18-05:00 | G96: ccf - 2912185_P-177421 | H96: 5 Senses | I96: LG | J96: 1381 Main Street | L96: Reading | M96: 01867 | N96: Joan | O96: Miller | P96: Owner | Q96: 781-942-2393 | R96: the5sensesschool@gmail.com | S96: 1381 Main Street | U96: Reading | V96: 1867 | W96: < 1988 | X96: 20+ | Z96: ce66-b9f1-9380 | AA96: 2912185 | AB96: Bob | AC96: Bob Hoyt | AD96: 44344 | AE96: 4 | AF96: 4 | AG96: =AE96+AF96 -> 8 | AH96: RI Analytical | AI96: 44369 | AJ96: 1 | AK96: 2 | AL96: 2 | AM96: 2 | AN96: 1 | AO96: 0 | AP96: =AJ96+AK96+AL96+AM96+AN96+AO96 -> 8 | AQ96: 44371 | AS96: Y | AT96: NERO | AU96: N | AV96: 3246000 | AW96: None | AX96: lvlasuk@ci.reading.ma.us | AY96: erin.craft@mass.gov | BD96: =IF(ISBLANK(AD96),"",IF(AD96<TODAY(),L96,"")) -> Reading | BE96: P-171133
A97: 44484 | B97: 8-Results Sent | E97: 44417 | F97: 2021-08-02T07:49:03-05:00 | G97: ccf - 1627908080170 | H97: Wildflower Montessori School | I97: LG | J97: 364a Broadway | L97: Cambridge | M97: 02139 | N97: Mary | O97: Rockett | P97: Head of School | Q97: 617-721-2159 | R97: Mary@wildflowermontessorischool.org | S97: 364a Broadway | U97: Cambridge | V97: 2128 | W97: < 1988 | X97: 11-20 | Z97: 4003-ad74-c4e5 | AA97: 8030802 | AB97: Bob | AC97: Bob Hoyt | AD97: 44429 | AE97: 3 | AF97: 3 | AG97: 6 | AH97: RI Analytical | AI97: 44481 | AJ97: 3 | AK97: 3 | AL97: 0 | AM97: 0 | AN97: 0 | AO97: 0 | AP97: =AJ97+AK97+AL97+AM97+AN97+AO97 -> 6 | AQ97: 44484 | AS97: N | AT97: NERO | AU97: Y | AV97: 3049000 | AW97: tmacdonald@cambridgema.gov | AX97: sbreen@challiance.org | AY97: erin.craft@mass.gov
A98: 44484 | B98: 8-Results Sent | C98: No Detect, Done | E98: 44396 | F98: 2021-07-15T13:37:44-05:00 | G98: ccf - 211701_P-170213 | H98: Piccolo Mondo Child Care and Learning Center | I98: LG | J98: 680 Mechanic Street | L98: Leominster | M98: 01453 | N98: Maria | O98: Cupo | P98: Administrator | Q98: 978-537-2764 | R98: maria@mypiccolo.com | S98: 680 Mechanic St Ste 150 | U98: Leominster | V98: 1453 | W98: < 1988 | X98: 0-10 | Z98: cdce-f267-cec5 | AA98: 211701 | AB98: Bob | AC98: Bob Hoyt | AD98: 44404 | AE98: 11 | AF98: 11 | AG98: =AE98+AF98 -> 22 | AH98: RI Analytical | AI98: 44481 | AJ98: 10 | AK98: 10 | AL98: 1 | AM98: 1 | AN98: 0 | AO98: 0 | AP98: =AJ98+AK98+AL98+AM98+AN98+AO98 -> 22 | AQ98: 44484 | AS98: N | AT98: CERO | AU98: Y | AV98: 2153000 | AW98: sbooth@dpw.leominster-MA.gov | AX98: mpowell@leominster-ma.gov | AY98: erin.craft@mass.gov | BD98: =IF(ISBLANK(AD98),"",IF(AD98<TODAY(),L98,"")) -> Leominster
A99: 44489 | B99: 8-Results Sent | E99: 44397 | F99: 2021-07-18T08:28:19-05:00 | G99: ccf - 1626614804494 | H99: Ana's Daycare | I99: FCC | J99: 8 Shary Lane | L99: Auburn | M99: 01501 | N99: Ana | O99: Fernandez | P99: proveedora | Q99: 508-762-2098 | R99: ygonzalez2513@gmail.com | S99: 8 shary lane | U99: Worcester | V99: 01501 | W99: < 1988 | X99: 0-10 | Z99: 3d74-d197745b | AA99: T0000079 | AB99: Kate | AD99: 44458 | AE99: 4 | AF99: 4 | AG99: =AE99+AF99 -> 8 | AH99: RI Analytical | AI99: 44481 | AJ99: 3 | AK99: 4 | AL99: 1 | AM99: 0 | AN99: 0 | AO99: 0 | AP99: =AJ99+AK99+AL99+AM99+AN99+AO99 -> 8 | AQ99: 44489 | AS99: N | AT99: CERO | AU99: N | AV99: 2348000 | AW99: none | AX99: health@worcesterma.gov | AY99: erin.craft@mass.gov | BD99: =IF(ISBLANK(AD99),"",IF(AD99<TODAY(),L99,"")) -> Auburn
A100: 44494 | B100: 8-Results Sent | E100: 43895 | F100: 2020-02-14T13:23:49-05:00 | G100: ccf - 201201_P-169775 | H100: Blackstone Valley Children's Place | I100: LG | J100: 60 Main Street | L100: Whitinsville | M100: 01588 | N100: Heather | O100: Elster | P100: Executive Director | Q100: 508-234-8184 | R100: Heather.Elster@OurGym.org | S100: 60 Main St. | T100: Whitin Community Center | U100: Whitinsville | V100: 01588 | W100: < 1988 | X100: 20+ | Z100: 6e89-9d0f-8910 | AA100: 201201 | AB100: Gene | AD100: 44411 | AE100: 20 | AF100: 17 | AG100: =AE100+AF100 -> 37 | AH100: RI Analytical | AI100: 44481 | AJ100: 20 | AK100: 17 | AL100: 0 | AM100: 0 | AN100: 0 | AO100: 0 | AP100: =AJ100+AK100+AL100+AM100+AN100+AO100 -> 37 | AQ100: 44494 | AR100: Sampling Scheduled for 8/3/2021 | AS100: N | AT100: CERO | AU100: N | AV100: 2216000 | AW100: rswigor@whitinsvillewater.com | AX100: jgniadek@northbridgemass.org | AY100: erin.craft@mass.gov
...

Sheet Sheet1
A1: Application Date & Time | B1: DATETIME | C1: Facility ID | D1: FACILITY_ID | E1: Facility Name | F1: FACILITY_NAME
A2: 2020-01-14T07:23:11-05:00 | B2: 2020-01-14T07:23:11-05:00 | C2: sch - 04320530 | D2: sch - 1579004422780 | E2: Cape Cod Lighthouse Charter School | F2: Cape Cod Lighthouse Charter School
A3: 2020-01-14T09:04:09-05:00 | B3: 2020-01-14T09:04:09-05:00 | C3: ccf - 8030609_P-184777 | D3: ccf - 8030609_P-184777 | E3: Loving Nest Preschool | F3: Loving Nest Preschool
A4: 2020-01-14T09:12:16-05:00 | B4: 2020-01-14T09:12:16-05:00 | C4: ccf - 2911795_P-177108 | D4: ccf - 2911795_P-177108 | E4: Crayon College, Inc. | F4: Crayon College, Inc.
A5: 2020-01-15T11:23:35-05:00 | B5: 2020-01-15T11:23:35-05:00 | C5: ccf - 8030658_P-184787 | D5: ccf - 8030658_P-184787 | E5: Concord Montessori School | F5: Concord Montessori School
A6: 2020-01-15T12:00:25-05:00 | B6: 2020-01-15T12:00:25-05:00 | C6: ccf - 211923_P-170248 | D6: ccf - 211923_P-170248 | E6: Small Friends | F6: Small Friends
A7: 2020-01-15T12:34:31-05:00 | B7: 2020-01-15T12:34:31-05:00 | C7: ccf - 291012_P-170912 | D7: ccf - 291012_P-170912 | E7: Giggle Garden's, Inc. | F7: Giggle Garden's, Inc.
B8: 2020-01-15T13:13:31-05:00 | D8: ccf - 200592_P-169530 | F8: Sunshine Preschool
A9: 2020-01-16T11:34:23-05:00 | B9: 2020-01-16T11:34:23-05:00 | C9: ccf - 2912100_P-177316 | D9: ccf - 2912100_P-177316 | E9: Our Lady's Child Care Center | F9: Our Lady's Child Care Center
A10: 2020-01-17T17:03:06-05:00 | B10: 2020-01-17T17:03:06-05:00 | C10: ccf - 1579298404811 | D10: ccf - 1579298404811 | E10: Paula's Family ChildCare | F10: Paula's Family ChildCare
A11: 2020-01-18T09:31:43-05:00 | B11: 2020-01-18T09:31:43-05:00 | C11: ccf - 201425_P-169923 | D11: ccf - 201425_P-169923 | E11: Open Center for Children | F11: Open Center for Children
A12: 2020-01-18T11:31:11-05:00 | B12: 2020-01-18T11:31:11-05:00 | C12: ccf - 200415_P-169439 | D12: ccf - 200415_P-169439 | E12: Plymouth House Nursery School | F12: Plymouth House Nursery School
A13: 2020-01-20T15:01:25-05:00 | B13: 2020-01-20T15:01:25-05:00 | C13: ccf - 8032311_P-186321 | D13: ccf - 8032311_P-186321 | E13: Next Generation Childrens Center of Westford, LLC | F13: Next Generation Childrens Center of Westford, LLC
A14: 2020-01-21T14:18:39-05:00 | B14: 2020-01-21T14:18:39-05:00 | C14: ccf - 200410_P-169437 | D14: ccf - 1579633805415 | E14: Framingham Centre Nursery School | F14: Framingham Centre Nursery School
A15: 2020-01-21T15:01:37-05:00 | B15: 2020-01-21T15:01:37-05:00 | C15: ccf - T0000040 | D15: ccf,ccf - 1579636659305 | E15: Pre-K-Kidz Childcare and Preschool | F15: Pre-K-Kidz Childcare and Preschool
B16: 2020-01-21T15:01:37-05:00 | D16: ccf,ccf - 1579636659305 | F16: Pre-K-Kidz Childcare and Preschool
A17: 2020-01-22T13:54:45-05:00 | B17: 2020-01-22T13:54:45-05:00 | C17: sch - 04940205 | D17: sch - 35060505 | E17: Pioneer Charter School of Science | F17: Pioneer Charter School of Science II (PCSS-II)
A18: 2020-01-22T13:54:45-05:00 | B18: 2020-01-22T13:54:45-05:00 | C18: sch - T0000042 | D18: sch - 04940205 | E18: Pioneer Charter School of Science - Network Office | F18: Pioneer Charter School of Science
A19: 2020-01-22T13:54:45-05:00 | B19: 2020-01-22T13:54:45-05:00 | C19: sch - 35060505 | D19: ccf - 1579718750808 | E19: Pioneer Charter School of Science II (PCSS-II) | F19: Pioneer Charter School of Science - Lower School
A20: 2020-01-22T13:54:45-05:00 | B20: 2020-01-22T13:54:45-05:00 | C20: ccf - T0000041 | D20: sch - 1579718782461 | E20: Pioneer Charter School of Science - Lower School | F20: Pioneer Charter School of Science - Network Office
A21: 2020-01-23T08:11:04-05:00 | B21: 2020-01-23T08:11:04-05:00 | C21: ccf - 2911908_P-177208 | D21: ccf - 2911908_P-177208 | E21: Valley Opportunity Council @Churchill Homes | F21: Valley Opportunity Council @Churchill Homes
A22: 2020-01-23T11:37:54-05:00 | B22: 2020-01-23T11:37:54-05:00 | C22: ccf - 200316_P-169404 | D22: ccf - 200316_P-169404 | E22: Cole-Harrington Children's Center | F22: Cole-Harrington Children's Center
A23: 2020-01-23T17:46:27-05:00 | B23: 2020-01-23T17:46:27-05:00 | C23: ccf - 8029897_P-184061 | D23: ccf - 8029897_P-184061 | E23: Tree House Academy Child Care, Inc | F23: Tree House Academy Child Care, Inc
A24: 2020-01-23T17:49:18-05:00 | B24: 2020-01-23T17:49:18-05:00 | C24: ccf - 2912297_P-177490 | D24: ccf - 2912297_P-177490 | E24: Tree House Academy Child Care Inc. | F24: Tree House Academy Child Care Inc.
A25: 2020-01-24T10:49:28-05:00 | B25: 2020-01-24T10:49:28-05:00 | C25: ccf - 8031572 | D25: ccf - 1579880885539 | E25: Marigold Montessori School | F25: Marigold Montessori School
A26: 2020-01-24T12:16:31-05:00 | B26: 2020-01-24T12:16:31-05:00 | C26: ccf - 8032025_P-186284 | D26: ccf - 8032025_P-186284 | E26: Valley Opportunity Council at Sullivan | F26: Valley Opportunity Council at Sullivan
A27: 2020-01-27T12:45:38-05:00 | B27: 2020-01-27T12:45:38-05:00 | C27: ccf - 290320_P-170629 | D27: ccf - 290320_P-170629 | E27: Sunshine Country Day School, Inc. | F27: Sunshine Country Day School, Inc.
A28: 2020-01-27T12:47:42-05:00 | B28: 2020-01-27T12:47:42-05:00 | C28: ccf - 8031914_P-185853 | D28: ccf - 8031914_P-185853 | E28: Sunshine South | F28: Sunshine South
... A34: 2020-01-29T17:51:00-05:00 | B34: 2020-01-29T17:51:00-05:00 | C34: ccf - 212450_P-170547 | D34: ccf - 212450_P-170547 | E34: The Social Sprouts Extended Day Program/Central Square Center | F34: The Social Sprouts Extended Day Program/Central Square Center
B35: 2020-01-30T07:50:41-05:00 | D35: ccf - 2911908_P-177208 | F35: Valley Opportunity Council @Churchill Homes
A36: 2020-01-30T07:53:47-05:00 | B36: 2020-01-30T07:53:47-05:00 | C36: ccf - 290324_P-170630 | D36: ccf - 290324_P-170630 | E36: V. O. C. Child Care on Montgomery Street | F36: V. O. C. Child Care on Montgomery Street
A37: 2020-01-30T08:11:38-05:00 | B37: 2020-01-30T08:11:38-05:00 | C37: ccf - 212650_P-170464 | D37: ccf - 212650_P-170464 | E37: P.A.C.E. Head Start | F37: P.A.C.E. Head Start
A38: 2020-01-30T09:51:12-05:00 | B38: 2020-01-30T09:51:12-05:00 | C38: ccf - 2911803_P-177112 | D38: ccf - 1580395555466 | E38: Valley Opportunity Council At Beaudoin Village | F38: Valley Opportunity Council At Beaudoin Village
A39: 2020-01-30T10:42:36-05:00 | B39: 2020-01-30T10:42:36-05:00 | C39: ccf - 201230_P-169784 | D39: ccf - 201230_P-169784 | E39: Rainbow Child Development Pre School Ctr & School Age | F39: Rainbow Child Development Pre School Ctr & School Age
A40: 2020-01-30T11:33:40-05:00 | B40: 2020-01-30T11:33:40-05:00 | C40: ccf - 201563_P-169959 | D40: ccf - 201563_P-169959 | E40: Chicopee Child Development Center, Inc. | F40: Chicopee Child Development Center, Inc.
A41: 2020-01-30T13:50:09-05:00 | B41: 2020-01-30T13:50:09-05:00 | C41: ccf - 8029093_P-183300 | D41: ccf - 8029093_P-183300 | E41: Harbor City School | F41: Harbor City School
A42: 2020-01-31T09:21:48-05:00 | B42: 2020-01-31T09:21:48-05:00 | C42: ccf,ccf - 211581_P-170300 | D42: ccf,ccf - 211581_P-170300 | E42: Twelfth Baptist Church Christian Preschool | F42: Twelfth Baptist Church Christian Preschool
B43: 2020-01-31T09:21:48-05:00 | D43: ccf,ccf - 211581_P-170300 | F43: Twelfth Baptist Church Christian Preschool
A44: 2020-01-31T10:35:04-05:00 | B44: 2020-01-31T10:35:04-05:00 | C44: ccf - 211381_P-170164 | D44: ccf - 211381_P-170164 | E44: J.F.K. Head Start and Day Care Program | F44: J.F.K. Head Start and Day Care Program
A45: 2020-01-31T14:23:57-05:00 | B45: 2020-01-31T14:23:57-05:00 | C45: ccf - 390378_P-171469 | D45: ccf - 390378_P-171469 | E45: Access Enrichment Program | F45: Access Enrichment Program
A46: 2020-01-31T15:56:37-05:00 | B46: 2020-01-31T15:56:37-05:00 | C46: ccf - 201671_P-169988 | D46: ccf - 201671_P-169988 | E46: VOC - Cabot Manor Child Care | F46: VOC - Cabot Manor Child Care
A47: 2020-02-04T07:40:00-05:00 | B47: 2020-02-04T07:40:00-05:00 | C47: ccf - 212367_P-170413 | D47: sch - 1580819745259 | E47: 18 Degrees, Early Education and Care Redfield House | F47: 18 Degrees, Early Education and Care
A48: 2020-02-04T10:50:40-05:00 | B48: 2020-02-04T10:50:40-05:00 | C48: ccf - 211410_P-170075 | D48: ccf - 211410_P-170075 | E48: Temple Beth Shalom Children's Center | F48: Temple Beth Shalom Children's Center
A49: 2020-02-04T14:43:52-05:00 | B49: 2020-02-04T14:43:52-05:00 | C49: ccf - 300304_P-171076 | D49: ccf - 300304_P-171076 | E49: Casper | F49: Casper
A50: 2020-02-04T17:12:44-05:00 | B50: 2020-02-04T17:12:44-05:00 | C50: ccf - 8030837_P-185036 | D50: ccf - 8030837_P-185036 | E50: The Aleph Academy | F50: The Aleph Academy
A51: 2020-02-05T05:48:20-05:00 | B51: 2020-02-05T05:48:20-05:00 | C51: ccf - 3910848_P-177719 | D51: ccf - 3910848_P-177719 | E51: Whitney Afterschool Program | F51: Whitney Afterschool Program
A52: 2020-02-05T07:07:10-05:00 | B52: 2020-02-05T07:07:10-05:00 | C52: ccf - 2912264 | D52: ccf - 1580904391858 | E52: Children Of America | F52: Children Of America
A53: 2020-02-05T08:28:56-05:00 | B53: 2020-02-05T08:28:56-05:00 | C53: sch - 02770020 | D53: sch - 02770020 | E53: West Street | F53: West Street
A54: 2020-02-05T08:28:56-05:00 | B54: 2020-02-05T08:28:56-05:00 | C54: ccf - 212310_P-170404 | D54: ccf - 212310_P-170404 | E54: WCAC Head Start Program-Southbridge | F54: WCAC Head Start Program-Southbridge
A55: 2020-02-05T08:28:56-05:00 | B55: 2020-02-05T08:28:56-05:00 | C55: sch - 02770005 | D55: sch - 02770005 | E55: Charlton Street | F55: Charlton Street
... A66: 2020-02-06T14:07:57-05:00 | B66: 2020-02-06T14:07:57-05:00 | C66: ccf - 8031525_P-185570 | D66: ccf - 8031525_P-185570 | E66: Noahs Ark Christian Child Care | F66: Noahs Ark Christian Child Care
B67: 2020-02-06T15:05:21-05:00 | D67: ccf - 390378_P-171469 | F67: Access Enrichment Program
A68: 2020-02-10T12:42:09-05:00 | B68: 2020-02-10T12:42:09-05:00 | C68: sch - 04531001 | D68: sch - 04531001 | E68: Holyoke Community Charter School | F68: Holyoke Community Charter School
A69: 2020-02-10T12:59:12-05:00 | B69: 2020-02-10T12:59:12-05:00 | C69: ccf - 201530_P-170081 | D69: ccf - 201530_P-170081 | E69: Children's Own School | F69: Children's Own School
A70: 2020-02-10T14:51:47-05:00 | B70: 2020-02-10T14:51:47-05:00 | C70: ccf - 200592_P-169530 | D70: ccf - 200592_P-169530 | E70: Sunshine Preschool | F70: Sunshine Preschool
A71: 2020-02-10T14:53:18-05:00 | B71: 2020-02-10T14:53:18-05:00 | C71: ccf - 8028495_P-182770 | D71: ccf - 8028495_P-182770 | E71: Lincoln Nursery School | F71: Lincoln Nursery School
A72: 2020-02-10T15:57:27-05:00 | B72: 2020-02-10T15:57:27-05:00 | C72: ccf - 201401_P-169909 | D72: ccf - 201401_P-169909 | E72: Cambridge Ellis School | F72: Cambridge Ellis School
A73: 2020-02-12T11:29:43-05:00 | B73: 2020-02-12T11:29:43-05:00 | C73: ccf - 8032026_P-186285 | D73: ccf - 8032026_P-186285 | E73: Valley Opportunity Council at Morgan | F73: Valley Opportunity Council at Morgan
A74: 2020-02-13T11:01:33-05:00 | B74: 2020-02-13T11:01:33-05:00 | C74: ccf - 8031418_P-185530 | D74: ccf - 8031418_P-185530 | E74: Pitter Patter Academy, Inc. | F74: Pitter Patter Academy, Inc.
A75: 2020-02-13T12:53:20-05:00 | B75: 2020-02-13T12:53:20-05:00 | C75: ccf - 201838_P-170124 | D75: ccf - 201838_P-170124 | E75: Village Preschool | F75: Village Preschool
A76: 2020-02-14T13:23:49-05:00 | B76: 2020-02-14T13:23:49-05:00 | C76: ccf - 201201_P-169775 | D76: ccf - 201201_P-169775 | E76: Blackstone Valley Children's Place | F76: Blackstone Valley Children's Place
A77: 2020-02-17T07:45:24-05:00 | B77: 2020-02-17T07:45:24-05:00 | C77: ccf,ccf - 291019_P-170913 | D77: ccf,ccf - 291019_P-170913 | E77: Ludlow Boys & Girls Club Child Care | F77: Ludlow Boys & Girls Club Child Care
B78: 2020-02-17T07:45:24-05:00 | D78: ccf,ccf - 291019_P-170913 | F78: Ludlow Boys & Girls Club Child Care
B79: 2020-02-18T16:06:15-05:00 | D79: ccf - 2912100_P-177316 | F79: Our Lady's Child Care Center
A80: 2020-02-21T12:17:26-05:00 | B80: 2020-02-21T12:17:26-05:00 | C80: ccf - 8034093_P-244643 | D80: ccf - 8034093_P-244643 | E80: Busy Bees Learning Center | F80: Busy Bees Learning Center
A81: 2020-02-24T09:42:06-05:00 | B81: 2020-02-24T09:42:06-05:00 | C81: sch - 03250810 | D81: sch - 1582555056759 | E81: St. Mary's Parish School | F81: St. Mary's Parish School
A82: 2020-03-02T12:07:28-05:00 | B82: 2020-03-02T12:07:28-05:00 | C82: sch - T0000020 | D82: sch - 1583168657454 | E82: Excel Academy Charter School | F82: Excel Academy Charter School
A83: 2020-03-06T10:23:35-05:00 | B83: 2020-03-06T10:23:35-05:00 | C83: ccf - 201852_P-170023 | D83: ccf - 201852_P-170023 | E83: VOC Early Education and Care at Mt. Carmel | F83: VOC Early Education and Care at Mt. Carmel
A84: 2020-03-20T14:17:06-05:00 | B84: 2020-03-20T14:17:06-05:00 | C84: ccf - 2912180_P-177416 | D84: ccf - 2912180_P-177416 | E84: The Northwest Child Development Center | F84: The Northwest Child Development Center
A85: 2020-05-14T07:26:56-05:00 | B85: 2020-05-14T07:26:56-05:00 | C85: ccf - 201077_P-169889 | D85: ccf - 201077_P-169889 | E85: Pakachoag Acres Day Care Center, Inc. | F85: Pakachoag Acres Day Care Center, Inc.
A86: 2020-05-14T07:31:39-05:00 | B86: 2020-05-14T07:31:39-05:00 | C86: ccf - 211568 | D86: ccf - 1589459467811 | E86: Pakachoag Acres Millbury | F86: Pakachoag Acres Day Care Center
A87: 2020-05-14T10:08:45-05:00 | B87: 2020-05-14T10:08:45-05:00 | C87: ccf - 8031747_P-185815 | D87: ccf - 8031747_P-185815 | E87: Youth Center, Inc. | F87: Youth Center, Inc.
B88: 2020-05-14T12:02:15-05:00 | D88: ccf - 2911969_P-177244 | F88: Alphabet Soup Childcare Center
B89: 2020-05-14T12:02:15-05:00 | D89: ccf - 8029384_P-183541 | F89: Alphabet Soup Preschool Plus of Granby
A90: 2020-05-15T08:39:54-05:00 | B90: 2020-05-15T08:39:54-05:00 | C90: ccf - T0000043 | D90: ccf - 1589549892303 | E90: Circle of Friends Montessori School | F90: Circle of Friends Montessori School
A91: 2020-05-15T16:22:26-05:00 | B91: 2020-05-15T16:22:26-05:00 | C91: ccf - 8030730_P-184808 | D91: ccf - 8030730_P-184808 | E91: After The Bell @ Gleason YMCA | F91: After The Bell @ Gleason YMCA
B92: 2020-05-21T06:36:09-05:00 | D92: ccf - 1590060917321 | F92: Pre-K-Kidz Preschool and Childcare Center
A93: 2020-06-08T11:14:28-05:00 | B93: 2020-06-08T11:14:28-05:00 | C93: ccf - 697776 | D93: ccf - 1591632708973 | E93: Little squirts family daycare | F93: Little squirts family daycare
A94: 2020-06-08T12:04:42-05:00 | B94: 2020-06-08T12:04:42-05:00 | C94: ccf - T0000044 | D94: ccf - 1591635774998 | E94: Skylight daycare | F94: Skylight daycare
A95: 2020-06-08T20:27:28-05:00 | B95: 2020-06-08T20:27:28-05:00 | C95: ccf - 623848 | D95: ccf - 1591665777391 | E95: Diane Gorman Daycare | F95: Diane Gorman Daycare
A96: 2020-06-08T23:06:22-05:00 | B96: 2020-06-08T23:06:22-05:00 | C96: ccf - 8029065 | D96: ccf - 1591675373449 | E96: Little Stars Child Care | F96: Little Stars Child Care
A97: 2020-06-09T07:55:00-05:00 | B97: 2020-06-09T07:55:00-05:00 | C97: ccf - 8029065 | D97: ccf - 1591707195385 | E97: Little Chicks Family Child Care | F97: Little Chicks Family Child Care
A98: 2020-06-09T11:08:23-05:00 | B98: 2020-06-09T11:08:23-05:00 | C98: ccf - T0000045 | D98: ccf - 1591718756539 | E98: Lissette childcare | F98: Lissette childcare
A99: 2020-06-09T11:29:40-05:00 | B99: 2020-06-09T11:29:40-05:00 | C99: ccf - T0000046 | D99: ccf,ccf - 1591720143555 | E99: Cozy Coop | F99: Cozy Coop
B100: 2020-06-09T11:29:40-05:00 | D100: ccf,ccf - 1591720143555 | F100: Cozy Coop
A101: 2020-06-09T11:42:29-05:00 | B101: 2020-06-09T11:42:29-05:00 | C101: ccf - T0000047 | D101: ccf - 1591720861694 | E101: Dominga Rodríguez childcare | F101: Dominga Rodríguez childcare
A102: 2020-06-09T12:04:15-05:00 | B102: 2020-06-09T12:04:15-05:00 | C102: ccf - T0000048 | D102: ccf - 1591722172656 | E102: Happy feet daycare | F102: Happy feet daycare
A103: 2020-06-09T21:15:56-05:00 | B103: 2020-06-09T21:15:56-05:00 | C103: ccf - 8033981 | D103: ccf - 1591755158541 | E103: Paula's Barn, Inc. | F103: Paula's Barn, Inc.
B104: 2020-06-17T13:33:19-05:00 | D104: ccf - 8028363_P-182544 | F104: Alphabet Soup Preschool Plus
A105: 2020-06-17T13:47:47-05:00 | B105: 2020-06-17T13:47:47-05:00 | C105: ccf - 201082 | D105: ccf - 1592419536628 | E105: Ayer Kiddie Depot | F105: Ayer Kiddie Depot
A106: 2020-06-22T09:11:14-05:00 | B106: 2020-06-22T09:11:14-05:00 | C106: ccf - T0000049 | D106: ccf - 1592834961894 | E106: Little Angels Place Daycare | F106: Little Angels Place Daycare
A107: 2020-07-21T11:56:00-05:00 | B107: 2020-07-21T11:56:00-05:00 | C107: ccf - 2912368_P-177534 | D107: ccf - 2912368_P-177534 | E107: Little Stars Daycare | F107: Little Stars Daycare
A108: 2020-07-23T08:48:59-05:00 | B108: 2020-07-23T08:48:59-05:00 | C108: ccf - 692835 | D108: ccf - 1595512008876 | E108: Jane's Family ChildCare | F108: Jane's Family ChildCare
A109: 2020-09-15T10:33:13-05:00 | B109: 2020-09-15T10:33:13-05:00 | C109: sch - 05320010 | D109: sch - 05320010 | E109: HEC Academy | F109: HEC Academy
B110: 2020-09-28T13:27:55-05:00 | D110: ccf - 1601317551842 | F110: Youth Center Inc.
A111: 2020-11-13T14:55:15-05:00 | B111: 2020-11-13T14:55:15-05:00 | C111: ccf - 7027035 | D111: ccf - 1605297247410 | E111: Ana Pino / Miles's Family Child Care | F111: ANA PINO / MILE'S FAMILY CHILD CARE
A112: 2020-11-14T05:45:04-05:00 | B112: 2020-11-14T05:45:04-05:00 | C112: ccf - 7029333 | D112: ccf - 1605350269629 | E112: S. S. Village Family Child Care | F112: S. S. Village Family Child Care
A113: 2020-11-14T08:41:03-05:00 | B113: 2020-11-14T08:41:03-05:00 | C113: ccf - 697849 | D113: ccf - 1605361083587 | E113: Andrea's Neighborhood Day School | F113: Andrea's Neighborhood Day School
A114: 2020-11-18T21:15:18-05:00 | B114: 2020-11-18T21:15:18-05:00 | C114: ccf - 7025189 | D114: ccf - 1605751822643 | E114: T.A.G Family Day Care Program | F114: T.A.G Family Day Care Program
A115: 2020-11-23T13:00:11-05:00 | B115: 2020-11-23T13:00:11-05:00 | C115: ccf - 7027995 | D115: ccf - 1606154289890 | E115: Busy lil’ Bees Daycare | F115: Busy lil’ Bees Daycare
...

Sheet stats
A1: EAP Statistics | B1: Total to 2/28/21 | C1: Feb-21 | D1: Total to 3/31/21 | G1: 44256 | H1: Total to 4/30/21 | K1: April 2021
A2: Number of facilities accepted in the program | B2: 111 | C2: 2 | D2: 114 | G2: 3 | H2: =COUNTIF(Facilities!#REF!,"A") -> #REF! | K2: 59*
A3: Number of schools accepted in the program | B3: 11 | C3: 0 | D3: =COUNTIFS(Facilities!#REF!,"A",Facilities!I:I,"sch") -> #REF! | G3: 0 | H3: =COUNTIFS(Facilities!#REF!,"A",Facilities!I:I,"sch") -> #REF! | K3: 0
A4: Number of ECCFs accepted in the program | B4: 100 | C4: 2 | D4: =D2-D3 -> #REF! | G4: 3 | H4: =D2-D3 -> #REF! | K4: 59*
A5: Number of facilities sampled and results received | B5: 39 | C5: 5 | D5: 41 | G5: 2 | H5: =COUNTIFS(Facilities!AI:AI,"<>",Facilities!AI:AI,"<>Out of Program")-1 -> 101 | K5: 2
A6: Number of towns with facilities tested | B6: 28 | D6: 30 | H6: {=SUMPRODUCT(((Facilities!BD2:BD169<>"")/COUNTIF(Facilities!BD2:BD169, Facilities!BD2:BD169 &"")))} -> 70
A7: Number of samples analyzed to-date | B7: 639 | D7: 651 | E7: =SUMIF(Facilities!AI:AI,"<="&TODAY(),Facilities!AP:AP) -> 1493 | F7: =SUMIF(Facilities!AI:AI,TODAY(),Facilities!AP:AP) -> 0 | G7: =D7-B7 -> 12 | H7: 897 | I7: =SUMIF(Facilities!AI:AI,"<="&TODAY(),Facilities!AP:AP) -> 1493 | J7: =SUMIF(Facilities!AI:AI,TODAY(),Facilities!AP:AP) -> 0 | K7: 92
A8: Number of schools results ≤1.4 ppb First Draw | B8: 0 | C8: 9 | D8: 17 | G8: 0 | H8: 35 | K8: 18
A9: Number of school results ≤1.4 ppb Flushed Sample | B9: 0 | C9: 9 | D9: 22 | G9: 0 | H9: 56 | K9: 34
A10: Number of school results 1.5-15.4 ppb First Draw | B10: 0 | C10: 0 | D10: 9 | G10: 0 | H10: 56 | K10: 47
A11: Number of school results 1.5-15.4 ppb Flushed Sample | B11: 0 | C11: 0 | D11: 6 | G11: 0 | H11: 34 | K11: 28
A12: Number of school results ≥ 15.5 First Draw | B12: 0 | C12: 0 | D12: 4 | G12: 0 | H12: 12 | K12: 8
A13: Number of school results ≥ 15.5 pbb Flushed Sample | B13: 0 | C13: 0 | D13: 2 | G13: 0 | H13: 5 | K13: 3
A14: Number of EECFs results ≤1.4 ppb First Draw | B14: 231 | C14: 8 | D14: 235 | G14: 4 | H14: 257 | K14: 31
A15: Number of EECFs results ≤1.4 ppb Flushed Sample | B15: 269 | C15: 11 | D15: 275 | G15: 6 | H15: 305 | K15: 44
A16: Number of EECFs results 1.5-15.4 ppb First Draw | B16: 95 | C16: 4 | D16: 97 | G16: 2 | H16: 101 | K16: 13
A17: Number of EECFs results 1.5-15.4 ppb Flushed Sample | B17: 28 | C17: 2 | D17: 28 | G17: 0 | H17: 24 | K17: 2
A18: Number of EECFs results ≥ 15.5 pbb First Draw | B18: 12 | C18: 1 | D18: 12 | G18: 0 | H18: 10 | K18: 2
A19: Number of EECFs results ≥ 15.5 pbb Flushed Sample | B19: 4 | C19: 0 | D19: 4 | G19: 0 | H19: 2 | K19: 0
K20: * One closed and won't participate
A22: EAP Statistics | B22: Total to 4/30/21 | C22: April 2021
A23: Number of facilities accepted in the program | B23: 172 | C23: 59*
A24: Number of schools accepted in the program | B24: 11 | C24: 0
A25: Number of ECCFs accepted in the program | B25: 103 | C25: 59*
A26: Number of facilities sampled and results received | B26: 43 | C26: 2
A27: Number of towns with facilities tested | B27: 36
A28: Number of samples analyzed to-date | B28: 897 | C28: 92
A29: Number of schools results ≤1.4 ppb First Draw | B29: 35 | C29: 18
A30: Number of school results ≤1.4 ppb Flushed Sample | B30: 56 | C30: 34
A31: Number of school results 1.5-15.4 ppb First Draw | B31: 56 | C31: 47
A32: Number of school results 1.5-15.4 ppb Flushed Sample | B32: 34 | C32: 28
A33: Number of school results ≥ 15.5 First Draw | B33: 12 | C33: 8
A34: Number of school results ≥ 15.5 pbb Flushed Sample | B34: 5 | C34: 3
A35: Number of EECFs results ≤1.4 ppb First Draw | B35: 257 | C35: 31
A36: Number of EECFs results ≤1.4 ppb Flushed Sample | B36: 305 | C36: 44
A37: Number of EECFs results 1.5-15.4 ppb First Draw | B37: 101 | C37: 13
A38: Number of EECFs results 1.5-15.4 ppb Flushed Sample | B38: 24 | C38: 2
A39: Number of EECFs results ≥ 15.5 pbb First Draw | B39: 10 | C39: 2
A40: Number of EECFs results ≥ 15.5 pbb Flushed Sample | B40: 2 | C40: 0
